account_id,bureau_score,enquiries_6m,other_lenders
TH-103172,652,0,1
TH-102757,592,1,1
TH-104773,724,1,4
TH-102653,534,2,1
TH-101395,611,3,2
TH-103514,703,1,1
TH-102569,614,3,1
TH-103671,615,2,1
TH-104400,648,0,0
TH-103305,593,0,4
TH-104817,516,0,3
TH-102132,733,2,4
TH-104193,556,0,3
TH-100565,534,0,1
TH-100505,707,2,0
TH-100210,694,0,2
TH-103445,612,2,2
TH-104136,584,1,3
TH-102709,649,0,1
TH-101410,744,2,3
TH-104528,638,0,0
TH-104663,424,2,1
TH-100646,606,1,1
TH-102432,442,2,5
TH-104459,684,0,3
TH-102251,683,0,2
TH-102187,565,1,1
TH-104306,670,2,2
TH-103842,759,1,3
TH-102674,584,1,2
TH-104182,602,3,4
TH-101386,624,3,5
TH-102138,618,0,2
TH-101841,609,0,0
TH-103295,628,1,4
TH-100482,652,2,1
TH-100530,714,1,3
TH-103111,568,2,3
TH-102259,514,1,3
TH-104520,542,0,1
TH-100200,649,0,1
TH-104059,560,0,5
TH-102555,638,2,1
TH-100633,619,1,4
TH-104477,643,1,6
TH-101045,741,0,2
TH-101254,651,0,1
TH-104407,686,0,2
TH-102642,582,3,4
TH-101077,576,1,1
TH-100143,621,0,1
TH-103006,663,1,0
TH-104229,831,1,3
TH-102993,465,0,5
TH-104345,638,1,2
TH-102897,709,2,3
TH-102651,608,1,3
TH-100023,664,0,1
TH-101894,647,2,1
TH-100876,459,3,1
TH-101263,453,2,2
TH-104842,682,0,1
TH-100798,638,1,0
TH-102507,578,0,3
TH-101428,661,1,1
TH-100684,700,2,2
TH-100274,562,2,2
TH-104966,544,1,0
TH-100895,627,0,1
TH-100705,524,0,3
TH-100278,711,3,3
TH-104774,612,2,4
TH-104986,608,0,2
TH-100058,605,0,4
TH-101023,561,0,2
TH-103451,627,1,1
TH-104226,565,2,2
TH-100957,734,1,2
TH-100903,625,0,1
TH-101940,542,2,0
TH-104602,540,2,2
TH-100943,643,3,0
TH-103858,597,1,2
TH-103990,588,4,1
TH-102685,587,0,3
TH-101550,537,1,6
TH-102550,676,0,3
TH-102980,610,2,1
TH-102158,612,2,0
TH-104406,610,1,1
TH-103237,544,1,6
TH-101110,637,1,4
TH-100491,636,1,5
TH-103083,793,0,2
TH-101708,741,2,4
TH-100679,538,0,1
TH-101355,465,0,3
TH-103771,669,5,3
TH-101044,606,2,0
TH-101358,502,0,2
TH-101350,590,2,0
TH-102708,577,4,1
TH-100880,639,1,3
TH-104931,617,1,6
TH-103054,680,1,3
TH-103744,665,1,1
TH-100102,469,4,0
TH-101584,608,0,2
TH-102350,741,1,3
TH-102297,529,0,3
TH-103382,641,2,2
TH-104732,680,2,1
TH-104621,506,0,2
TH-100548,647,0,1
TH-101719,587,1,1
TH-101287,614,3,3
TH-100696,584,0,1
TH-101082,723,3,3
TH-100180,668,0,1
TH-100975,703,4,1
TH-101700,585,0,3
TH-101992,608,3,2
TH-102228,530,0,4
TH-101207,536,0,1
TH-101191,550,1,1
TH-104502,754,2,1
TH-104468,478,2,0
TH-102770,598,1,0
TH-100046,627,2,2
TH-104904,555,1,3
TH-103535,591,2,0
TH-103569,570,3,0
TH-103628,682,1,4
TH-103602,552,1,0
TH-103787,504,1,2
TH-102815,719,3,0
TH-103239,669,0,3
TH-101415,587,0,5
TH-100435,672,0,3
TH-103291,544,0,2
TH-102324,555,1,3
TH-100968,629,1,2
TH-103071,677,1,1
TH-104938,644,0,3
TH-104617,621,1,0
TH-103732,525,1,2
TH-102545,683,2,1
TH-103115,666,1,1
TH-103661,612,0,0
TH-104001,516,2,2
TH-104996,557,1,2
TH-100389,762,1,6
TH-103669,779,1,1
TH-102915,556,2,1
TH-102141,672,2,4
TH-104203,580,1,4
TH-103623,610,1,4
TH-102066,559,1,5
TH-101778,587,3,1
TH-103242,649,1,1
TH-103424,704,2,3
TH-102824,601,3,2
TH-102796,719,2,0
TH-103223,695,1,6
TH-101844,655,2,0
TH-101969,580,2,5
TH-102231,580,1,0
TH-103889,627,2,1
TH-102284,606,2,2
TH-100233,512,1,2
TH-104816,545,1,1
TH-104461,675,3,1
TH-104144,608,1,1
TH-101466,628,1,1
TH-102593,722,1,2
TH-102443,508,2,3
TH-104364,546,2,3
TH-103157,613,2,0
TH-100553,600,2,0
TH-103654,521,1,3
TH-102711,626,0,4
TH-100057,566,1,2
TH-102693,654,2,1
TH-103515,541,2,4
TH-103114,659,0,2
TH-101377,692,2,1
TH-101984,731,3,1
TH-104799,598,0,0
TH-100125,653,1,1
TH-100120,637,1,1
TH-101953,510,2,2
TH-101559,502,4,1
TH-104021,736,0,1
TH-100750,544,2,2
TH-100110,628,3,0
TH-103093,601,0,3
TH-101745,585,1,0
TH-102812,618,1,4
TH-103978,606,1,2
TH-102617,651,0,1
TH-102032,712,1,1
TH-103780,812,2,1
TH-101749,614,3,0
TH-104792,667,3,1
TH-103330,548,2,2
TH-104160,650,1,7
TH-102523,649,1,0
TH-101705,544,1,3
TH-104168,507,3,5
TH-102672,699,2,1
TH-104037,587,2,3
TH-102065,627,0,2
TH-102362,715,2,1
TH-102514,516,1,0
TH-103673,619,1,1
TH-101654,565,4,1
TH-103189,645,3,3
TH-103683,538,2,1
TH-101681,620,0,1
TH-103079,652,3,2
TH-104641,543,2,2
TH-104252,599,2,1
TH-104466,500,0,1
TH-101909,574,2,0
TH-101031,654,1,1
TH-100972,525,2,2
TH-102982,604,1,1
TH-100353,526,4,2
TH-104448,700,2,1
TH-100306,721,3,2
TH-101989,666,6,2
TH-104328,574,1,1
TH-101105,532,1,2
TH-100032,479,1,2
TH-104288,606,0,1
TH-103314,551,0,3
TH-100363,594,2,3
TH-101246,724,2,3
TH-103560,635,0,1
TH-101011,629,2,0
TH-103394,458,0,4
TH-103943,514,2,0
TH-101567,776,0,4
TH-100989,561,4,2
TH-101364,618,2,5
TH-104412,562,1,0
TH-100454,636,1,3
TH-101043,677,1,3
TH-102848,607,0,1
TH-100634,508,0,2
TH-103548,543,1,3
TH-103059,541,0,3
TH-100963,588,1,2
TH-102547,721,0,1
TH-103250,667,1,2
TH-102527,693,1,2
TH-104811,591,0,0
TH-101639,485,0,2
TH-100075,592,3,1
TH-104882,637,1,0
TH-104027,562,1,3
TH-101133,682,1,0
TH-102055,746,2,0
TH-104512,541,1,1
TH-101413,645,2,4
TH-104349,614,0,4
TH-103289,807,3,4
TH-100086,622,1,1
TH-101427,622,0,1
TH-101435,606,0,2
TH-102307,677,0,5
TH-102339,528,0,3
TH-104376,712,3,1
TH-103022,821,1,1
TH-103759,758,5,2
TH-104586,602,1,1
TH-100082,546,3,4
TH-104550,532,1,1
TH-100467,658,3,1
TH-104848,585,0,2
TH-103325,617,0,1
TH-102143,637,0,0
TH-104609,629,3,4
TH-104977,561,2,1
TH-102858,615,4,2
TH-104764,675,2,3
TH-101143,679,1,1
TH-102035,623,0,0
TH-100498,618,0,4
TH-102263,719,0,4
TH-103804,741,2,3
TH-101406,566,1,2
TH-104449,670,1,2
TH-104292,561,0,2
TH-104410,534,1,2
TH-101788,608,6,2
TH-102698,566,1,0
TH-104104,523,1,3
TH-103273,445,3,1
TH-104803,565,2,1
TH-102871,781,3,1
TH-101535,559,1,0
TH-103545,557,4,0
TH-101174,732,0,1
TH-100443,639,3,1
TH-101078,664,1,1
TH-103167,594,0,0
TH-102992,670,1,3
TH-101527,603,2,2
TH-104249,566,2,2
TH-101071,675,2,1
TH-101231,694,1,1
TH-104889,663,1,4
TH-103196,682,3,2
TH-104834,671,3,2
TH-100939,630,3,1
TH-103123,774,4,1
TH-103353,575,1,1
TH-102277,633,0,0
TH-103098,734,0,4
TH-100765,625,2,5
TH-103556,652,1,1
TH-101264,779,5,3
TH-100667,561,0,1
TH-104527,579,2,0
TH-103454,463,2,1
TH-102695,568,2,3
TH-102932,568,0,1
TH-100038,597,1,2
TH-103636,658,0,2
TH-102076,537,1,2
TH-103148,578,3,0
TH-101816,440,1,1
TH-101488,498,1,0
TH-104031,541,2,0
TH-102455,692,2,1
TH-102081,575,0,2
TH-101175,527,1,2
TH-100527,547,0,1
TH-103402,548,1,3
TH-100906,494,2,2
TH-101782,668,1,1
TH-103460,675,3,1
TH-100111,696,1,3
TH-104008,544,2,0
TH-103790,582,0,0
TH-100378,673,1,0
TH-102945,651,3,3
TH-100874,670,0,1
TH-100836,541,2,2
TH-103791,674,1,0
TH-103801,764,2,1
TH-104081,607,1,2
TH-102660,619,2,1
TH-100051,603,1,2
TH-101861,630,0,2
TH-104995,681,2,1
TH-100217,518,0,1
TH-104313,563,0,3
TH-101759,613,4,1
TH-104821,517,0,2
TH-100480,656,2,2
TH-102318,678,2,2
TH-103260,733,1,3
TH-103909,555,1,1
TH-103860,741,1,0
TH-101640,685,0,0
TH-104632,593,0,3
TH-104236,666,0,1
TH-102225,598,0,3
TH-101847,574,0,0
TH-103869,661,1,0
TH-100162,694,2,2
TH-102979,604,1,3
TH-104783,610,3,2
TH-104375,611,1,0
TH-104708,718,1,1
TH-104471,657,2,0
TH-100546,726,2,0
TH-104172,521,1,2
TH-101111,615,1,1
TH-101973,666,1,1
TH-100303,648,0,3
TH-102421,550,2,2
TH-102216,557,0,5
TH-104394,558,1,5
TH-104781,624,1,5
TH-102925,646,1,3
TH-101641,656,0,4
TH-104388,530,2,1
TH-100025,534,1,2
TH-101447,519,1,2
TH-101946,657,1,1
TH-104476,677,1,2
TH-103124,652,0,3
TH-101957,494,2,0
TH-102742,579,3,2
TH-104068,850,2,2
TH-102603,570,1,0
TH-102481,669,2,5
TH-101505,666,0,1
TH-104951,548,2,1
TH-104281,556,3,4
TH-104620,544,0,2
TH-101689,680,0,4
TH-103227,605,4,3
TH-100061,553,0,1
TH-100888,692,0,3
TH-100766,571,1,3
TH-103720,376,1,0
TH-104636,572,0,1
TH-103470,655,0,2
TH-103887,594,2,1
TH-103265,538,0,2
TH-100937,620,0,2
TH-103306,600,1,4
TH-100495,623,0,1
TH-103742,712,3,3
TH-100332,669,2,2
TH-103245,751,2,2
TH-101072,665,2,5
TH-101988,706,0,1
TH-101059,557,0,4
TH-103915,479,1,1
TH-100588,549,2,4
TH-102773,647,2,1
TH-101908,713,2,3
TH-104777,673,1,1
TH-102875,525,2,2
TH-101549,628,1,0
TH-103294,680,1,2
TH-101921,719,2,1
TH-102392,693,0,2
TH-101202,620,1,1
TH-103875,627,2,0
TH-101042,584,0,1
TH-101417,568,1,0
TH-102691,652,1,1
TH-101508,544,2,1
TH-103844,364,2,1
TH-101041,567,0,6
TH-104970,545,3,3
TH-100615,392,1,2
TH-100282,627,3,0
TH-100053,696,2,5
TH-104268,616,2,0
TH-100081,681,1,5
TH-102328,657,1,2
TH-102803,808,1,2
TH-103807,590,0,2
TH-102041,759,4,2
TH-103383,603,0,3
TH-102715,718,1,3
TH-104784,611,1,6
TH-102496,646,1,4
TH-100547,619,2,2
TH-103684,706,3,1
TH-101676,604,1,1
TH-103864,725,4,3
TH-104034,696,2,3
TH-102222,575,2,3
TH-100694,761,3,1
TH-101740,713,1,1
TH-102574,701,2,0
TH-102929,527,2,2
TH-103375,603,1,0
TH-104169,580,4,3
TH-100608,618,3,0
TH-103743,631,1,2
TH-100395,667,1,2
TH-101977,514,2,0
TH-103800,661,3,3
TH-101109,759,2,1
TH-103975,741,2,1
TH-101658,681,1,4
TH-103215,731,1,3
TH-102027,660,1,3
TH-100335,534,1,1
TH-104473,652,2,0
TH-101846,573,3,2
TH-101891,612,1,3
TH-102336,636,0,1
TH-100970,667,1,2
TH-101596,596,1,2
TH-101073,591,0,1
TH-103543,602,2,0
TH-100469,626,2,2
TH-101419,428,1,1
TH-100583,637,2,1
TH-101056,703,2,4
TH-100424,625,0,2
TH-100150,697,2,3
TH-101181,659,0,3
TH-102272,713,1,0
TH-104275,536,1,1
TH-101214,606,3,2
TH-102669,611,0,2
TH-102790,497,1,0
TH-101290,573,0,1
TH-104869,673,1,3
TH-101038,610,3,1
TH-104727,605,1,0
TH-103629,611,2,2
TH-103109,551,1,4
TH-104220,515,0,3
TH-100745,623,0,0
TH-100664,642,1,1
TH-104397,720,2,0
TH-104923,565,0,1
TH-104830,736,5,0
TH-104522,613,3,1
TH-101715,647,1,2
TH-102005,587,3,5
TH-103320,665,1,2
TH-101599,578,4,0
TH-103408,788,0,2
TH-100164,492,0,3
TH-104948,633,2,0
TH-101467,728,3,2
TH-100753,647,0,4
TH-103517,608,1,2
TH-100109,552,1,0
TH-100927,701,2,0
TH-104552,607,0,5
TH-103221,513,1,2
TH-103953,669,2,0
TH-100118,732,1,5
TH-104140,600,0,2
TH-104260,726,3,5
TH-103479,555,1,3
TH-102718,755,0,3
TH-103190,656,2,1
TH-102356,649,1,2
TH-101911,633,1,5
TH-102702,650,2,3
TH-102407,585,2,3
TH-103779,598,0,3
TH-104687,524,4,0
TH-100416,506,1,4
TH-102212,621,1,1
TH-104257,740,1,1
TH-101900,570,0,1
TH-101232,696,0,0
TH-100693,571,2,5
TH-101468,547,1,1
TH-101518,563,1,4
TH-102478,653,1,3
TH-104333,664,1,3
TH-101146,611,1,2
TH-101117,675,0,2
TH-100410,491,2,3
TH-103868,700,0,2
TH-103073,626,4,4
TH-103616,699,0,3
TH-102829,531,1,3
TH-100056,491,1,1
TH-104852,735,0,3
TH-102717,535,1,0
TH-103065,601,2,2
TH-102826,625,2,2
TH-103226,560,1,2
TH-100762,585,1,1
TH-103236,544,0,3
TH-102353,624,1,1
TH-103234,604,4,1
TH-104450,495,3,2
TH-101019,614,0,4
TH-100813,632,1,1
TH-103398,566,1,2
TH-104414,649,1,3
TH-102942,553,0,2
TH-100106,533,4,5
TH-100823,643,0,1
TH-100238,590,0,3
TH-102898,500,0,4
TH-100333,649,1,1
TH-101106,558,3,2
TH-104472,639,1,1
TH-103633,595,1,1
TH-104541,522,3,2
TH-102781,710,3,1
TH-104634,599,1,2
TH-104398,611,0,4
TH-101501,579,0,1
TH-103895,671,3,0
TH-101748,785,3,2
TH-101616,464,1,3
TH-101694,679,0,2
TH-100511,422,0,1
TH-104403,671,1,1
TH-102426,578,1,2
TH-101896,651,1,4
TH-103230,580,1,0
TH-104963,569,0,2
TH-102241,677,4,4
TH-104057,516,2,1
TH-101010,718,1,1
TH-101664,761,0,4
TH-102576,618,5,5
TH-103361,574,4,4
TH-101867,714,0,2
TH-100826,638,2,2
TH-104488,658,1,2
TH-102509,588,1,2
TH-102043,594,1,1
TH-102640,629,0,2
TH-100290,492,2,2
TH-101692,692,0,4
TH-104016,631,0,0
TH-102192,469,2,0
TH-103621,397,1,1
TH-105000,498,3,6
TH-104506,578,0,3
TH-104566,501,2,1
TH-100337,552,2,1
TH-101210,703,1,2
TH-104706,684,1,2
TH-101807,476,1,0
TH-103042,763,3,1
TH-103698,776,2,2
TH-102570,609,1,1
TH-101188,492,2,2
TH-101573,713,2,3
TH-101885,691,1,2
TH-104939,521,2,0
TH-101104,587,1,1
TH-102937,697,0,4
TH-103392,658,0,2
TH-101642,523,0,1
TH-104535,542,2,0
TH-101986,630,6,0
TH-103276,777,1,0
TH-103505,727,0,1
TH-101710,666,1,1
TH-102412,628,1,4
TH-102129,669,0,3
TH-102162,466,2,1
TH-101758,580,2,3
TH-104500,697,0,1
TH-104771,808,0,2
TH-101795,573,1,4
TH-104835,608,3,2
TH-101463,653,0,2
TH-101650,695,2,1
TH-100845,571,1,1
TH-103213,791,0,1
TH-103784,660,1,0
TH-103182,676,1,3
TH-101667,592,3,2
TH-102147,656,0,3
TH-104262,569,0,2
TH-103526,609,1,0
TH-103465,598,2,3
TH-100931,594,2,2
TH-104639,627,1,3
TH-103151,654,2,1
TH-100392,648,0,3
TH-100060,560,0,2
TH-104409,601,3,1
TH-102414,568,3,1
TH-102437,675,2,3
TH-102918,742,1,5
TH-101244,488,1,2
TH-101022,498,2,2
TH-104820,539,2,1
TH-100463,680,1,3
TH-104026,625,1,3
TH-101125,525,2,2
TH-100623,802,2,2
TH-102084,572,4,1
TH-102764,695,1,2
TH-104565,517,2,2
TH-101128,678,0,0
TH-102322,626,4,2
TH-101193,531,1,1
TH-101579,617,1,0
TH-103045,511,0,1
TH-104128,549,0,1
TH-101602,635,2,1
TH-100461,597,3,1
TH-104148,484,0,0
TH-103380,627,2,1
TH-100134,590,2,3
TH-101614,719,1,1
TH-103293,637,0,5
TH-102800,534,1,2
TH-102099,513,1,0
TH-102928,677,6,3
TH-101842,662,2,1
TH-101009,612,3,1
TH-102557,533,2,3
TH-101180,717,2,2
TH-103097,547,3,2
TH-103962,659,3,2
TH-101016,664,2,2
TH-102166,569,1,3
TH-102563,576,2,2
TH-104647,560,1,1
TH-101399,610,0,1
TH-104231,653,1,2
TH-101154,668,4,1
TH-104573,605,1,1
TH-102713,695,1,2
TH-103263,662,0,1
TH-103650,673,0,2
TH-100542,594,1,5
TH-102862,623,0,3
TH-100243,668,0,3
TH-100091,617,0,3
TH-100308,584,1,2
TH-104287,554,3,2
TH-103409,619,0,3
TH-100982,631,0,1
TH-103604,652,2,5
TH-104894,573,2,0
TH-102155,679,1,1
TH-103307,611,1,2
TH-100334,590,2,2
TH-103430,662,4,1
TH-102962,585,1,4
TH-102981,549,1,3
TH-104710,639,0,1
TH-104498,698,1,2
TH-104779,524,1,0
TH-102273,791,2,4
TH-101249,743,1,1
TH-100468,610,6,1
TH-100218,666,1,2
TH-103026,731,0,2
TH-100616,592,3,4
TH-104946,684,2,1
TH-102444,504,2,1
TH-104356,723,2,3
TH-101495,679,1,2
TH-103399,499,0,1
TH-104521,700,1,3
TH-103751,676,2,1
TH-101655,714,0,2
TH-101563,615,5,2
TH-104338,542,2,0
TH-103841,456,0,0
TH-101197,672,0,2
TH-104652,619,1,2
TH-100260,530,2,0
TH-102278,739,0,2
TH-103893,564,1,1
TH-104122,463,0,2
TH-104594,626,1,2
TH-103838,712,5,1
TH-100319,610,0,1
TH-102111,605,1,0
TH-101982,617,1,2
TH-103478,723,1,2
TH-101238,652,2,4
TH-101945,602,2,1
TH-102622,583,1,2
TH-103824,575,0,4
TH-101766,518,2,1
TH-104845,675,3,1
TH-101587,536,1,1
TH-103574,691,0,3
TH-103572,541,2,2
TH-100401,674,0,0
TH-104990,445,2,1
TH-103341,615,1,1
TH-103546,564,2,2
TH-104940,830,0,1
TH-102682,757,1,3
TH-101762,591,3,1
TH-102908,733,2,1
TH-101302,574,0,2
TH-100229,463,1,2
TH-103317,612,1,2
TH-103634,550,1,2
TH-101866,587,2,2
TH-103474,601,1,0
TH-102769,716,0,1
TH-100644,670,2,2
TH-101215,536,2,0
TH-102461,558,1,3
TH-103625,609,4,2
TH-101437,704,0,0
TH-101901,577,1,2
TH-101062,697,2,2
TH-101280,635,2,2
TH-104867,649,5,2
TH-103396,724,2,2
TH-102746,750,2,0
TH-101981,669,1,3
TH-103532,612,2,2
TH-101390,656,1,2
TH-103964,613,1,5
TH-100540,668,1,7
TH-102968,686,0,1
TH-103608,559,0,5
TH-100442,560,0,2
TH-100030,662,1,0
TH-101205,651,2,6
TH-102608,711,1,0
TH-100034,618,2,4
TH-103497,703,2,2
TH-101645,541,5,0
TH-104316,710,1,2
TH-104932,456,1,1
TH-102882,647,0,0
TH-104897,590,5,3
TH-100283,806,1,0
TH-101714,640,0,1
TH-103724,545,1,1
TH-103288,488,0,2
TH-102701,608,3,4
TH-104293,636,1,2
TH-100305,524,3,0
TH-102820,620,1,0
TH-103536,697,1,1
TH-104988,641,3,1
TH-104365,565,3,0
TH-101635,613,1,1
TH-100590,722,1,0
TH-100873,572,3,0
TH-102977,467,0,3
TH-102298,630,0,0
TH-100804,731,0,1
TH-104917,653,3,3
TH-103694,631,2,3
TH-101777,630,0,1
TH-100241,694,3,1
TH-104434,792,2,0
TH-104180,572,0,2
TH-101258,728,0,1
TH-102385,586,0,0
TH-102107,554,1,1
TH-100734,755,3,2
TH-103972,538,1,2
TH-104232,613,2,2
TH-101869,570,1,2
TH-101619,539,0,2
TH-101014,712,1,3
TH-101898,478,1,4
TH-103721,518,0,2
TH-103168,489,2,1
TH-101728,575,1,2
TH-101772,674,2,2
TH-100928,611,2,0
TH-104004,525,1,4
TH-100130,513,2,1
TH-103997,703,0,0
TH-103534,613,2,2
TH-103749,453,3,4
TH-101308,692,1,0
TH-104465,760,1,2
TH-104916,472,1,1
TH-104730,611,1,4
TH-100194,706,1,2
TH-101209,652,2,5
TH-100630,598,2,3
TH-100189,495,0,1
TH-104829,673,0,1
TH-102472,779,0,1
TH-100525,584,1,1
TH-102460,531,1,4
TH-100040,435,1,1
TH-103777,564,3,2
TH-101516,639,0,0
TH-104210,577,3,4
TH-100115,650,1,3
TH-100515,605,2,1
TH-104740,564,1,3
TH-100176,558,1,1
TH-103752,649,0,1
TH-100531,667,3,5
TH-101441,654,3,1
TH-100077,608,3,2
TH-102373,726,3,1
TH-101845,778,0,2
TH-103950,610,0,3
TH-104850,591,1,2
TH-100434,631,4,2
TH-101888,630,1,2
TH-104694,722,3,1
TH-104827,545,0,1
TH-104890,520,0,2
TH-100320,608,1,1
TH-103995,644,0,6
TH-102140,694,1,5
TH-103805,600,1,2
TH-104815,522,0,0
TH-101897,584,1,3
TH-103058,562,0,3
TH-102887,649,2,3
TH-103200,664,1,1
TH-104704,598,4,1
TH-103440,707,2,1
TH-101274,556,0,1
TH-103766,547,4,2
TH-101030,714,3,2
TH-102422,484,2,6
TH-100601,444,1,3
TH-103072,601,0,2
TH-104780,547,1,1
TH-100300,573,0,8
TH-103041,640,3,3
TH-103851,608,1,5
TH-104395,749,1,1
TH-101032,565,1,1
TH-102202,559,1,4
TH-100044,525,2,2
TH-102789,621,4,1
TH-102016,630,2,3
TH-104422,807,2,1
TH-101247,528,0,1
TH-103949,657,2,3
TH-103922,660,0,1
TH-103795,554,3,2
TH-100794,788,2,5
TH-100129,542,2,2
TH-104945,495,2,1
TH-102110,687,0,0
TH-100099,589,2,0
TH-104174,612,0,2
TH-100932,707,2,3
TH-101503,492,1,2
TH-103951,631,4,1
TH-102813,547,2,0
TH-101150,589,2,2
TH-100089,681,3,1
TH-102044,690,0,2
TH-104176,682,3,2
TH-100374,581,2,0
TH-102211,585,0,0
TH-100144,587,1,1
TH-100382,714,1,0
TH-100248,562,0,2
TH-104017,566,4,2
TH-102585,523,1,3
TH-100678,484,3,0
TH-101991,643,0,6
TH-103271,598,0,6
TH-103163,730,2,3
TH-102900,650,3,1
TH-100254,425,1,1
TH-102716,583,0,0
TH-100791,560,2,1
TH-103849,620,2,1
TH-104733,641,0,1
TH-101081,534,0,0
TH-102561,565,1,2
TH-101675,652,0,0
TH-101402,605,1,1
TH-100439,723,2,3
TH-100328,495,1,1
TH-102954,674,3,2
TH-104622,567,0,2
TH-101598,525,0,2
TH-101025,534,2,3
TH-104154,678,3,2
TH-102130,611,4,2
TH-101142,682,4,3
TH-102956,699,4,3
TH-103169,633,1,0
TH-101709,554,1,2
TH-101679,580,2,1
TH-102849,589,0,3
TH-102588,595,0,3
TH-102221,551,3,2
TH-103443,620,1,1
TH-101737,651,0,2
TH-101723,635,1,2
TH-102289,626,3,2
TH-101712,686,1,2
TH-101347,579,0,0
TH-104399,619,1,3
TH-104615,614,3,2
TH-103410,511,1,1
TH-101388,592,1,0
TH-101218,578,1,1
TH-102473,604,4,2
TH-104607,606,3,1
TH-102296,732,0,1
TH-102733,650,2,2
TH-101026,704,0,3
TH-102022,678,2,4
TH-100557,638,2,2
TH-102880,552,1,3
TH-102121,670,2,2
TH-103491,655,2,3
TH-101509,637,1,1
TH-101196,688,2,2
TH-102785,608,2,3
TH-103464,520,1,0
TH-101288,506,4,0
TH-104246,654,0,0
TH-102116,587,1,1
TH-104892,591,1,1
TH-103060,557,1,2
TH-100835,467,1,1
TH-100995,510,2,1
TH-100156,602,0,2
TH-101158,629,1,2
TH-102342,572,1,3
TH-101884,614,4,1
TH-101547,661,1,0
TH-103605,712,2,4
TH-104887,631,0,1
TH-104548,564,3,1
TH-103142,624,1,1
TH-100859,662,2,1
TH-103906,599,1,0
TH-101605,616,3,1
TH-104110,707,1,2
TH-104789,634,2,3
TH-103829,731,1,2
TH-100022,541,3,3
TH-104227,650,1,0
TH-104668,592,0,0
TH-101595,587,2,1
TH-103817,582,0,2
TH-102235,722,1,4
TH-102484,482,0,1
TH-102051,699,1,1
TH-101184,725,3,3
TH-101734,622,0,3
TH-101562,569,2,4
TH-100741,681,0,1
TH-103125,591,1,4
TH-102193,487,1,0
TH-104173,706,0,0
TH-100133,622,1,3
TH-101136,566,1,4
TH-101091,629,0,0
TH-101628,702,2,2
TH-102396,597,1,0
TH-103329,504,1,3
TH-101343,589,1,1
TH-102331,692,0,0
TH-102060,737,2,1
TH-103084,432,1,2
TH-100286,596,1,3
TH-100796,677,0,1
TH-103229,602,2,1
TH-102343,620,2,1
TH-102354,535,3,3
TH-100708,553,1,2
TH-102624,613,0,1
TH-100488,578,2,0
TH-101511,570,1,2
TH-103102,600,1,5
TH-104682,730,0,0
TH-103659,633,2,3
TH-100462,620,1,2
TH-104919,609,2,1
TH-101656,807,1,0
TH-101713,628,1,1
TH-100422,695,3,0
TH-100141,679,0,1
TH-100076,731,2,3
TH-104555,505,0,3
TH-102940,493,1,1
TH-101985,579,1,1
TH-101384,550,1,3
TH-104234,654,2,4
TH-103206,688,3,1
TH-104865,761,1,3
TH-101310,633,0,1
TH-101372,591,0,2
TH-100518,525,3,1
TH-103711,701,0,2
TH-100357,757,2,2
TH-100755,627,1,2
TH-100967,687,0,0
TH-100881,695,5,1
TH-100573,619,2,2
TH-104669,639,1,1
TH-102430,827,3,0
TH-103051,728,1,5
TH-103174,451,1,3
TH-104162,572,0,1
TH-104808,674,0,0
TH-102090,539,4,4
TH-103475,505,2,3
TH-100890,805,3,1
TH-102253,649,1,4
TH-102131,668,0,0
TH-104373,600,3,1
TH-101124,531,0,2
TH-104818,726,0,1
TH-101445,668,1,1
TH-102469,697,1,2
TH-102893,525,0,0
TH-100532,651,0,3
TH-101776,616,1,3
TH-100951,666,1,2
TH-102966,670,0,3
TH-104121,639,3,4
TH-100712,718,1,0
TH-103095,590,1,4
TH-102983,599,1,1
TH-104480,527,3,0
TH-103591,675,1,1
TH-102447,650,2,0
TH-100869,628,3,3
TH-104250,591,3,1
TH-101799,508,1,3
TH-101633,636,0,1
TH-104425,649,2,1
TH-104158,566,0,0
TH-101305,611,0,3
TH-103508,673,1,2
TH-101461,564,2,2
TH-100767,789,4,1
TH-103626,719,3,1
TH-104441,537,2,3
TH-103002,574,4,2
TH-103799,583,1,2
TH-102427,755,1,0
TH-103433,515,0,0
TH-104968,587,2,1
TH-103087,631,1,2
TH-104976,514,1,1
TH-102008,744,1,3
TH-102137,549,1,4
TH-104221,850,1,0
TH-101478,593,0,0
TH-102782,707,1,1
TH-103448,660,1,0
TH-100245,847,1,4
TH-102154,521,2,2
TH-101649,689,1,4
TH-100375,659,0,1
TH-102736,494,1,3
TH-102611,740,1,0
TH-104551,575,1,4
TH-101507,787,2,3
TH-103403,628,2,1
TH-103342,612,0,0
TH-101277,709,5,4
TH-102808,602,2,3
TH-103527,610,1,2
TH-101990,588,2,4
TH-102176,615,1,1
TH-104312,656,1,1
TH-101718,646,2,2
TH-100221,671,1,4
TH-104431,534,1,1
TH-101576,601,0,2
TH-101812,612,3,4
TH-101924,667,2,3
TH-100299,695,2,0
TH-102136,516,0,3
TH-103737,591,2,2
TH-101865,485,2,0
TH-101589,698,4,1
TH-103871,629,0,1
TH-101357,668,2,2
TH-104832,586,3,0
TH-103682,608,0,0
TH-102735,506,0,1
TH-104054,731,1,1
TH-103455,622,0,1
TH-103453,577,2,2
TH-100700,626,1,1
TH-102247,597,2,2
TH-100689,712,2,3
TH-104903,552,2,1
TH-100250,582,1,0
TH-102394,662,0,1
TH-103063,707,1,2
TH-104123,727,0,1
TH-101770,543,3,1
TH-102285,585,0,3
TH-104748,701,3,6
TH-102805,600,2,1
TH-101345,651,1,1
TH-103589,650,2,2
TH-100660,507,0,1
TH-103957,737,4,0
TH-104758,534,1,4
TH-103472,602,2,1
TH-102029,624,1,1
TH-103262,582,1,2
TH-104499,555,3,1
TH-104642,607,0,5
TH-102657,635,1,1
TH-103194,709,1,2
TH-104608,559,2,2
TH-103231,488,3,4
TH-100639,689,2,2
TH-103796,528,3,1
TH-100504,300,1,0
TH-102252,741,2,1
TH-102291,635,2,0
TH-103697,681,1,1
TH-103704,699,4,5
TH-102991,655,1,3
TH-101007,616,2,0
TH-101515,649,3,3
TH-101510,660,0,0
TH-104666,719,0,0
TH-101423,491,1,3
TH-100973,581,0,0
TH-104088,558,3,3
TH-104296,583,1,2
TH-103882,668,0,2
TH-104505,633,1,1
TH-102712,592,3,1
TH-102707,657,1,0
TH-104962,702,5,1
TH-100902,602,4,2
TH-100593,578,3,1
TH-101874,479,1,0
TH-100287,675,0,1
TH-102554,609,2,2
TH-102943,651,2,1
TH-103936,627,2,1
TH-103989,762,0,5
TH-104142,606,0,1
TH-101613,579,1,2
TH-104286,651,2,2
TH-103298,585,1,1
TH-103482,558,0,3
TH-101994,575,2,2
TH-100785,850,0,1
TH-100190,543,1,5
TH-100346,609,2,4
TH-102502,624,3,2
TH-100191,596,1,1
TH-102877,709,0,2
TH-103154,675,2,1
TH-100999,690,0,4
TH-100686,624,0,0
TH-100045,540,1,4
TH-103762,476,1,0
TH-102678,525,1,2
TH-103034,579,2,3
TH-104352,633,0,3
TH-104070,666,1,1
TH-104998,572,0,2
TH-104577,647,1,4
TH-102196,692,2,3
TH-102959,597,2,2
TH-104025,664,1,3
TH-100207,585,1,0
TH-104877,541,1,1
TH-100610,556,1,3
TH-100122,688,1,1
TH-101292,626,1,2
TH-104536,498,0,2
TH-102405,626,3,0
TH-104130,608,1,1
TH-103185,647,4,0
TH-100186,518,1,1
TH-104993,574,0,1
TH-100704,613,0,1
TH-103930,578,0,3
TH-101617,536,0,2
TH-104747,604,2,2
TH-100351,525,1,3
TH-103894,558,2,2
TH-102756,573,2,3
TH-104243,607,0,4
TH-102267,670,1,4
TH-104436,607,1,1
TH-103331,504,1,0
TH-103015,638,1,3
TH-101079,648,0,4
TH-102089,725,2,1
TH-102172,692,2,4
TH-103778,639,1,2
TH-104960,635,1,2
TH-104124,496,0,3
TH-101774,678,2,2
TH-102720,647,0,1
TH-103837,627,3,3
TH-102884,604,1,1
TH-100900,607,6,0
TH-100472,590,2,3
TH-103360,622,3,2
TH-101068,710,0,2
TH-100296,601,1,3
TH-102345,645,2,1
TH-104187,502,1,1
TH-103258,593,0,2
TH-101455,651,5,0
TH-100381,706,2,2
TH-102465,556,0,1
TH-103738,584,2,2
TH-103175,687,2,3
TH-100551,576,1,2
TH-101083,618,1,2
TH-101572,672,3,3
TH-100729,559,2,0
TH-103523,592,1,1
TH-104064,563,0,1
TH-104009,600,0,2
TH-100178,591,2,5
TH-102619,729,1,2
TH-100959,496,2,1
TH-104975,459,1,1
TH-104971,713,3,2
TH-100697,529,0,1
TH-103423,553,1,2
TH-100256,656,2,3
TH-104610,590,1,2
TH-101704,671,2,0
TH-100276,621,6,3
TH-102151,586,2,1
TH-103656,584,0,0
TH-100441,662,2,2
TH-102765,497,2,2
TH-104299,638,2,1
TH-103128,658,1,1
TH-102681,440,2,3
TH-102933,593,0,1
TH-104336,647,0,4
TH-101378,606,2,1
TH-100015,635,3,1
TH-102853,520,4,2
TH-103863,706,0,1
TH-104010,721,1,1
TH-100390,486,0,2
TH-101738,619,1,2
TH-104489,494,0,2
TH-104018,618,1,3
TH-101570,604,1,3
TH-104002,651,1,1
TH-102240,714,1,2
TH-100352,584,1,2
TH-100154,636,1,1
TH-100230,601,0,1
TH-100483,715,0,1
TH-102380,782,1,2
TH-102860,650,1,2
TH-102533,650,1,2
TH-104592,601,4,3
TH-103053,652,1,0
TH-104351,809,2,2
TH-103393,605,2,2
TH-101374,661,2,0
TH-104072,764,1,3
TH-101165,550,3,2
TH-103519,710,0,1
TH-102938,563,2,3
TH-101243,537,2,1
TH-102534,614,0,3
TH-101269,714,4,1
TH-103932,623,1,1
TH-102577,596,3,0
TH-100447,651,2,2
TH-100702,627,1,1
TH-102223,442,1,2
TH-101544,620,1,0
TH-103547,627,1,2
TH-102594,647,0,3
TH-102792,506,1,1
TH-102684,735,2,1
TH-103819,623,1,3
TH-100811,625,1,2
TH-100208,640,0,2
TH-104504,576,1,1
TH-104539,736,1,2
TH-103789,706,3,5
TH-100072,600,1,4
TH-100891,799,1,1
TH-100721,575,2,1
TH-104304,513,2,0
TH-103437,572,2,1
TH-102895,570,1,3
TH-100202,628,2,4
TH-100349,697,1,4
TH-103261,577,1,2
TH-102902,626,0,1
TH-100695,565,1,2
TH-104626,533,1,0
TH-103267,681,3,1
TH-101489,660,1,4
TH-104112,524,1,1
TH-103630,467,0,0
TH-103531,679,1,1
TH-102061,646,3,2
TH-103757,687,0,2
TH-103417,674,0,2
TH-101526,542,2,1
TH-101855,626,3,4
TH-104196,604,0,1
TH-102178,604,2,5
TH-102271,784,5,1
TH-102939,578,4,3
TH-103158,648,0,2
TH-102952,691,2,3
TH-102348,622,2,0
TH-104251,749,0,4
TH-100244,605,3,1
TH-102134,612,1,1
TH-102656,522,0,1
TH-100277,566,3,4
TH-103415,608,4,3
TH-104612,603,2,3
TH-100856,621,2,3
TH-100560,587,1,0
TH-104589,678,1,1
TH-104778,488,1,4
TH-103586,710,0,1
TH-101835,551,6,1
TH-103794,647,3,3
TH-103848,513,1,4
TH-103920,689,1,3
TH-100685,557,2,2
TH-104248,809,1,1
TH-104644,646,1,2
TH-103739,663,1,1
TH-103834,703,1,0
TH-100769,516,2,4
TH-103462,576,2,1
TH-103862,497,0,1
TH-101028,524,1,3
TH-104408,649,1,2
TH-102087,721,1,1
TH-101922,524,0,2
TH-103723,538,0,1
TH-104044,486,3,2
TH-101352,435,3,4
TH-102451,452,3,2
TH-101537,610,0,2
TH-104596,580,2,0
TH-104284,571,1,2
TH-100825,739,0,1
TH-100193,578,1,0
TH-100905,603,0,3
TH-102080,479,1,3
TH-100098,564,0,3
TH-101394,787,1,3
TH-100359,653,2,3
TH-100397,583,0,1
TH-103583,453,1,2
TH-100793,707,2,1
TH-104207,641,1,1
TH-104839,565,0,1
TH-101993,584,2,1
TH-102417,622,0,0
TH-101449,665,3,2
TH-101015,630,0,1
TH-104254,534,2,0
TH-103897,590,2,1
TH-102477,565,2,5
TH-103925,611,0,1
TH-100720,653,2,1
TH-101971,615,2,1
TH-101088,594,3,2
TH-103100,663,1,0
TH-104802,638,2,2
TH-103726,749,2,2
TH-100924,539,0,1
TH-103840,563,1,1
TH-104744,524,1,2
TH-102270,631,1,2
TH-102425,701,3,3
TH-100029,654,1,1
TH-102548,539,2,1
TH-104569,583,1,3
TH-100331,657,2,1
TH-101024,613,2,4
TH-104533,711,3,3
TH-101250,578,1,3
TH-104099,619,0,2
TH-100216,737,2,3
TH-102579,655,0,1
TH-103290,646,1,1
TH-103132,669,0,3
TH-102913,584,0,4
TH-104714,602,3,1
TH-100966,672,3,0
TH-102127,692,2,2
TH-100556,657,2,3
TH-104683,647,1,3
TH-104851,538,1,2
TH-101365,655,3,2
TH-101593,714,1,2
TH-101959,590,2,6
TH-102249,669,1,2
TH-104766,599,1,1
TH-104420,666,4,0
TH-102513,481,2,2
TH-101069,606,3,2
TH-102971,633,2,0
TH-100784,672,2,4
TH-100411,636,1,0
TH-101161,609,2,2
TH-103939,657,0,1
TH-101905,594,3,0
TH-100541,691,1,2
TH-102191,641,3,4
TH-101300,661,3,1
TH-102074,558,1,1
TH-102382,508,1,2
TH-101168,630,0,4
TH-104831,647,3,1
TH-100942,514,2,2
TH-100637,645,3,2
TH-100268,661,1,3
TH-100960,767,1,2
TH-101703,629,4,2
TH-102314,646,0,0
TH-103614,514,1,3
TH-100371,642,0,2
TH-101499,716,2,0
TH-102153,656,0,0
TH-104131,699,2,1
TH-103518,565,0,0
TH-102287,617,2,0
TH-100206,658,0,1
TH-100265,600,1,2
TH-104032,538,0,1
TH-101130,510,4,1
TH-104743,584,1,5
TH-103337,594,1,2
TH-104543,664,1,1
TH-104881,625,2,0
TH-102487,647,3,1
TH-102255,771,1,1
TH-104782,704,0,3
TH-104843,631,2,1
TH-100368,635,2,0
TH-104012,743,1,2
TH-101149,540,1,3
TH-104460,606,0,2
TH-102319,604,0,0
TH-101726,535,2,1
TH-101741,683,2,2
TH-100748,628,6,2
TH-101683,595,1,1
TH-102586,692,1,2
TH-101646,602,3,1
TH-100810,773,0,1
TH-100173,634,0,2
TH-101160,653,3,2
TH-102115,564,0,2
TH-101439,735,2,0
TH-102795,542,2,2
TH-101687,599,1,2
TH-103477,595,1,2
TH-103850,529,0,1
TH-101653,663,0,0
TH-100654,527,1,2
TH-101486,697,1,2
TH-102587,637,3,4
TH-100554,536,1,3
TH-103249,497,2,0
TH-102161,698,3,1
TH-100872,617,2,3
TH-103292,642,2,2
TH-103503,489,1,0
TH-102661,814,2,4
TH-101857,481,0,2
TH-104165,606,0,0
TH-104871,605,2,0
TH-103040,748,1,2
TH-103427,489,2,2
TH-104531,592,1,2
TH-104096,483,1,1
TH-100477,527,3,0
TH-104731,719,1,2
TH-102823,603,0,5
TH-101680,633,1,1
TH-100681,486,1,3
TH-104005,747,2,2
TH-104987,604,0,6
TH-104558,619,4,1
TH-104754,664,2,3
TH-102779,506,2,0
TH-102759,653,2,2
TH-102233,596,2,1
TH-100839,719,0,3
TH-103397,531,2,2
TH-100773,666,1,1
TH-100537,747,0,2
TH-102079,557,1,1
TH-103524,578,2,1
TH-100142,603,3,2
TH-101791,692,0,3
TH-102905,649,0,1
TH-103471,700,1,2
TH-101522,590,1,1
TH-100723,557,0,2
TH-104772,597,3,2
TH-100862,572,3,5
TH-102511,650,3,1
TH-102834,667,2,1
TH-104291,529,2,0
TH-102064,431,2,1
TH-101408,681,0,2
TH-100192,669,0,1
TH-101862,642,0,0
TH-100853,668,0,0
TH-100978,638,2,2
TH-101915,549,2,1
TH-104906,623,4,2
TH-104819,726,1,1
TH-104884,529,1,4
TH-100670,700,0,0
TH-103082,628,1,4
TH-104222,679,1,2
TH-100228,655,3,4
TH-103709,674,1,1
TH-101087,653,1,5
TH-102214,599,2,3
TH-103926,671,3,3
TH-102360,749,6,3
TH-101856,682,2,1
TH-102229,557,1,2
TH-100054,613,2,5
TH-104911,688,1,2
TH-104519,728,2,0
TH-104902,646,0,4
TH-101179,676,1,3
TH-101927,583,0,3
TH-102752,601,1,0
TH-100369,668,3,3
TH-102189,684,2,1
TH-102839,614,1,4
TH-103203,648,0,1
TH-100052,582,4,5
TH-100621,560,1,0
TH-101454,678,2,1
TH-101329,564,3,2
TH-103955,631,1,2
TH-100907,710,1,1
TH-101112,590,0,0
TH-103961,532,4,2
TH-102269,624,1,3
TH-104806,556,2,3
TH-104205,613,2,3
TH-104722,633,1,3
TH-104846,678,2,1
TH-102106,573,3,1
TH-102633,601,5,2
TH-103768,617,5,5
TH-101552,571,3,3
TH-100612,558,5,0
TH-100570,621,4,1
TH-100466,720,0,1
TH-102052,636,3,4
TH-104585,540,2,7
TH-102037,636,0,2
TH-101880,635,0,1
TH-102821,691,0,3
TH-102830,665,2,3
TH-103407,553,1,2
TH-104052,593,3,1
TH-103996,562,2,1
TH-102740,572,0,3
TH-103617,583,1,1
TH-101134,777,1,0
TH-102351,655,1,4
TH-104446,735,2,1
TH-100915,563,3,1
TH-102302,591,0,1
TH-102490,643,2,3
TH-103627,558,3,1
TH-104055,681,0,0
TH-102467,606,2,1
TH-100879,624,0,3
TH-101961,717,2,2
TH-101837,697,1,1
TH-104646,672,0,1
TH-103031,536,3,3
TH-100884,611,2,2
TH-102485,674,4,0
TH-104428,599,1,2
TH-104737,565,0,3
TH-102825,820,0,1
TH-104241,648,1,2
TH-101353,642,2,4
TH-104386,569,4,2
TH-102275,671,0,2
TH-104868,783,1,1
TH-100011,523,3,2
TH-102647,603,2,2
TH-104863,602,2,0
TH-103235,572,4,2
TH-103567,572,4,1
TH-104382,669,1,3
TH-100916,632,0,2
TH-103406,487,4,2
TH-101539,635,1,0
TH-102802,561,2,3
TH-101107,542,0,2
TH-103708,721,1,2
TH-103269,412,1,1
TH-102435,614,1,5
TH-103880,634,2,1
TH-100269,518,1,2
TH-104019,659,2,5
TH-104992,741,1,1
TH-103712,746,1,2
TH-101204,362,1,5
TH-104361,498,3,1
TH-101208,676,3,1
TH-101307,764,4,1
TH-102517,523,4,2
TH-102359,656,3,2
TH-100342,694,2,6
TH-101949,583,2,2
TH-102497,559,1,2
TH-102953,685,0,0
TH-101492,585,0,2
TH-102857,610,1,2
TH-104000,645,2,2
TH-104189,463,1,3
TH-104085,573,1,1
TH-100666,761,1,0
TH-102408,657,1,0
TH-100817,597,0,1
TH-101967,527,3,2
TH-100506,768,4,3
TH-103516,604,0,2
TH-102870,624,1,4
TH-102714,636,1,3
TH-102610,585,0,1
TH-101226,598,3,2
TH-100064,606,3,1
TH-103921,511,0,3
TH-100062,515,1,2
TH-104886,590,2,2
TH-104405,662,3,0
TH-104534,548,2,1
TH-104116,559,3,2
TH-104745,612,2,3
TH-101555,591,0,1
TH-103644,673,2,2
TH-100393,595,1,3
TH-104045,682,4,1
TH-103446,450,3,0
TH-102835,739,2,2
TH-101933,658,1,1
TH-100722,443,2,0
TH-104695,578,1,4
TH-100396,724,0,2
TH-100275,651,1,2
TH-101853,583,2,0
TH-104670,611,1,3
TH-101103,625,1,2
TH-103351,770,4,6
TH-102009,732,0,2
TH-104538,725,1,1
TH-104595,666,2,3
TH-101528,668,2,3
TH-100172,667,2,1
TH-102706,740,5,4
TH-101092,663,0,0
TH-103679,619,2,4
TH-100159,588,2,1
TH-103198,619,0,3
TH-100949,656,0,1
TH-101902,641,2,0
TH-103004,645,5,2
TH-101686,637,1,0
TH-104600,530,1,2
TH-101910,650,0,1
TH-103127,678,0,4
TH-104075,677,1,3
TH-103426,633,0,1
TH-101037,597,1,4
TH-101542,647,0,0
TH-101469,691,2,2
TH-104209,578,1,5
TH-101189,496,0,1
TH-104858,776,0,1
TH-101963,589,1,0
TH-102017,702,1,5
TH-103582,642,3,3
TH-102290,622,1,1
TH-100775,719,2,2
TH-100790,573,2,3
TH-102266,576,1,1
TH-102393,447,3,3
TH-102286,505,2,1
TH-102102,669,1,5
TH-102384,647,2,1
TH-104167,675,1,4
TH-104261,653,1,2
TH-104693,565,2,3
TH-104413,570,0,3
TH-103755,498,3,2
TH-104893,650,4,3
TH-104377,652,1,1
TH-101920,577,1,0
TH-104671,610,3,1
TH-103609,570,2,2
TH-103606,626,1,4
TH-102288,586,1,1
TH-102950,653,2,2
TH-103240,502,0,1
TH-100289,613,0,1
TH-102976,622,3,0
TH-100580,600,3,1
TH-104161,647,1,0
TH-102920,567,0,1
TH-102809,692,2,0
TH-100852,600,0,2
TH-102338,601,2,3
TH-102067,572,2,5
TH-101123,555,1,1
TH-100281,682,2,3
TH-104294,672,4,1
TH-101162,671,1,2
TH-101797,726,0,1
TH-102892,678,2,3
TH-104584,636,0,1
TH-104930,626,3,3
TH-104237,626,2,1
TH-101054,662,1,0
TH-100458,589,0,2
TH-103822,794,2,2
TH-103062,616,2,4
TH-100100,525,3,1
TH-104166,542,3,2
TH-103212,529,1,1
TH-103107,588,0,2
TH-100998,721,3,1
TH-104358,748,0,2
TH-100743,801,1,5
TH-103615,752,1,7
TH-101889,769,1,6
TH-104111,702,5,2
TH-102944,620,0,2
TH-103695,560,2,4
TH-103354,546,2,4
TH-104348,579,3,1
TH-100423,609,2,2
TH-101286,646,0,0
TH-103847,598,0,2
TH-103600,623,0,2
TH-100529,520,2,2
TH-102113,584,3,4
TH-104720,668,2,2
TH-103559,628,1,2
TH-104233,714,3,2
TH-103731,596,1,3
TH-102899,718,0,3
TH-103941,512,2,0
TH-101086,447,1,1
TH-101765,616,0,2
TH-101089,731,1,0
TH-103347,551,3,1
TH-103126,647,3,1
TH-103388,578,1,4
TH-101805,833,2,2
TH-104329,699,3,2
TH-103570,525,0,2
TH-101251,599,3,4
TH-103696,799,1,1
TH-102806,487,0,2
TH-101116,451,3,1
TH-101153,632,2,2
TH-103117,611,1,2
TH-102368,771,0,4
TH-100257,555,1,1
TH-103469,660,4,0
TH-102476,450,0,2
TH-100904,588,0,0
TH-101446,637,2,3
TH-103075,562,1,1
TH-101490,591,2,0
TH-104511,706,0,1
TH-100197,585,3,2
TH-100101,605,2,3
TH-104369,585,0,2
TH-102442,548,0,6
TH-101524,552,5,0
TH-104581,443,2,1
TH-102935,621,1,2
TH-102376,495,2,2
TH-100606,512,1,5
TH-100432,663,1,2
TH-104129,639,0,2
TH-102646,630,1,2
TH-100997,513,1,1
TH-100706,590,1,2
TH-101785,708,2,1
TH-104467,729,1,3
TH-104100,583,1,2
TH-100561,525,2,1
TH-104675,616,3,2
TH-102283,511,1,1
TH-100779,625,0,0
TH-102398,592,2,2
TH-100923,588,4,2
TH-104509,516,1,1
TH-102515,638,2,1
TH-104454,768,0,0
TH-102664,555,1,1
TH-102495,690,1,0
TH-103827,523,4,2
TH-101039,655,1,2
TH-100653,649,2,2
TH-101259,591,2,1
TH-104133,658,0,1
TH-100501,666,2,2
TH-104924,540,3,0
TH-103487,688,2,0
TH-101571,580,3,2
TH-102739,550,2,2
TH-100840,313,0,2
TH-104455,581,1,2
TH-101034,711,0,0
TH-101934,598,0,2
TH-103333,484,0,5
TH-101725,617,0,3
TH-104015,516,1,3
TH-102254,671,0,0
TH-101240,660,1,2
TH-101429,570,2,1
TH-101383,437,0,3
TH-103339,462,0,0
TH-103968,659,0,1
TH-104289,735,1,1
TH-103270,675,3,1
TH-101662,596,1,3
TH-100158,508,0,1
TH-103706,603,5,4
TH-104117,705,3,1
TH-100295,641,1,0
TH-100619,549,1,0
TH-104494,730,2,0
TH-100279,694,1,2
TH-104909,597,3,1
TH-104106,691,2,2
TH-103180,471,0,1
TH-100757,672,2,1
TH-104339,586,2,1
TH-102894,493,0,2
TH-100628,546,1,3
TH-100415,644,2,4
TH-103217,710,0,2
TH-103703,564,3,2
TH-101195,568,1,1
TH-104035,626,3,2
TH-102722,664,1,1
TH-100595,646,1,2
TH-103590,759,0,2
TH-100618,627,0,1
TH-104113,510,2,2
TH-101164,609,2,0
TH-101941,615,1,2
TH-102169,567,4,1
TH-100655,582,1,1
TH-101176,661,3,1
TH-103969,691,4,1
TH-103374,496,1,2
TH-103476,703,1,3
TH-103814,659,0,3
TH-102984,614,3,1
TH-101233,510,1,1
TH-103369,578,1,0
TH-102544,463,3,2
TH-104063,665,1,0
TH-104380,560,4,2
TH-103164,630,0,5
TH-102006,570,1,0
TH-103501,542,1,2
TH-104786,726,0,1
TH-101018,694,0,3
TH-104537,596,1,1
TH-102025,747,1,2
TH-101839,684,5,2
TH-101942,723,2,0
TH-102747,650,0,1
TH-104423,577,2,1
TH-103658,627,0,4
TH-102673,716,3,0
TH-104238,681,3,1
TH-100954,599,3,3
TH-100262,553,2,4
TH-104191,668,1,2
TH-100586,660,0,2
TH-101583,698,4,3
TH-100592,621,1,2
TH-102989,589,0,0
TH-101838,600,3,0
TH-103003,613,2,3
TH-101801,624,3,1
TH-103256,647,1,2
TH-102916,664,3,1
TH-102865,793,4,1
TH-103173,528,1,2
TH-102689,533,4,3
TH-103422,793,1,3
TH-102335,541,1,1
TH-103924,547,0,1
TH-102721,627,1,1
TH-101932,648,3,3
TH-103756,744,2,4
TH-103020,583,0,5
TH-104393,465,1,2
TH-103940,615,0,0
TH-101644,675,1,2
TH-103284,748,2,0
TH-102780,844,1,4
TH-103381,633,0,5
TH-104049,608,1,0
TH-104873,570,0,0
TH-100169,543,3,2
TH-102326,623,1,2
TH-104372,585,0,2
TH-102855,657,3,1
TH-102598,570,1,5
TH-104367,562,4,1
TH-102754,690,1,1
TH-100985,658,1,0
TH-101696,628,1,3
TH-102199,704,3,2
TH-103979,605,1,0
TH-100002,501,0,1
TH-104952,718,1,0
TH-101731,554,1,5
TH-104593,715,2,3
TH-100981,506,0,3
TH-103846,746,2,1
TH-104985,718,1,4
TH-104219,683,2,2
TH-100787,579,1,2
TH-103942,806,2,1
TH-103139,579,1,2
TH-100555,513,4,3
TH-100650,649,2,2
TH-102767,683,3,3
TH-104728,627,3,2
TH-100387,561,1,2
TH-100209,687,1,2
TH-103049,540,2,2
TH-103259,447,3,5
TH-103425,476,4,1
TH-104684,605,1,2
TH-102152,605,1,2
TH-100539,553,1,1
TH-100591,560,1,3
TH-104146,666,1,2
TH-100184,496,3,1
TH-101699,666,3,2
TH-104411,606,1,1
TH-103718,601,0,2
TH-100108,565,3,1
TH-104321,625,2,1
TH-101938,570,1,1
TH-101668,623,2,2
TH-100036,480,2,1
TH-101638,585,2,1
TH-101348,655,4,1
TH-100012,586,1,2
TH-102062,545,1,1
TH-103147,705,3,2
TH-100484,662,1,4
TH-101296,595,1,2
TH-102175,477,2,1
TH-104659,524,1,2
TH-104151,563,1,3
TH-104391,646,2,1
TH-103432,571,0,7
TH-100479,640,2,5
TH-100562,708,1,2
TH-103489,655,1,2
TH-103334,618,0,1
TH-101381,625,1,2
TH-100214,816,4,3
TH-101376,610,3,1
TH-102758,615,2,0
TH-103539,641,2,2
TH-100293,622,0,2
TH-102446,713,1,3
TH-100596,503,2,4
TH-103008,555,1,2
TH-104330,635,2,1
TH-103549,681,1,4
TH-100474,680,0,2
TH-101789,566,0,1
TH-100362,609,2,0
TH-103160,765,0,0
TH-100336,553,1,2
TH-101936,639,2,2
TH-104640,583,3,2
TH-102529,753,2,3
TH-100955,726,1,3
TH-104230,637,1,2
TH-104983,657,1,5
TH-102419,687,0,1
TH-102687,550,0,2
TH-103301,516,1,2
TH-103171,654,0,2
TH-101760,626,2,1
TH-103984,452,1,3
TH-103473,586,0,0
TH-101422,678,2,2
TH-101494,658,1,2
TH-101393,552,0,3
TH-104363,579,0,1
TH-102125,713,0,4
TH-104056,740,3,3
TH-100735,532,0,4
TH-101283,726,1,2
TH-100795,420,1,0
TH-104936,511,2,2
TH-102641,657,2,1
TH-102466,804,5,1
TH-103435,801,1,4
TH-100724,671,0,3
TH-100549,700,3,2
TH-102406,641,1,0
TH-101436,805,2,1
TH-102771,648,1,1
TH-101075,674,1,0
TH-103910,652,2,1
TH-103080,663,1,4
TH-100437,576,2,2
TH-104826,667,0,2
TH-101273,655,3,2
TH-104599,632,1,2
TH-100231,527,1,0
TH-102886,652,3,2
TH-100677,508,2,2
TH-104482,714,1,2
TH-100983,641,2,0
TH-101541,598,0,1
TH-102357,535,0,1
TH-101881,718,2,3
TH-100912,638,1,1
TH-100294,611,2,3
TH-100123,620,1,2
TH-103747,589,1,2
TH-101903,543,0,5
TH-104545,540,1,2
TH-104696,663,2,1
TH-104317,492,3,2
TH-100657,610,1,1
TH-104649,548,2,0
TH-101870,691,1,2
TH-100635,590,1,3
TH-103554,590,2,3
TH-102403,642,0,2
TH-100402,615,1,1
TH-102910,562,2,1
TH-102890,526,1,0
TH-102347,620,0,3
TH-101554,551,2,0
TH-100919,669,0,0
TH-103651,658,0,2
TH-101297,690,0,4
TH-101636,585,4,1
TH-103266,652,2,2
TH-101502,557,0,2
TH-101975,688,0,3
TH-104215,592,0,2
TH-101729,678,5,2
TH-100882,662,1,2
TH-101578,674,2,2
TH-100168,700,1,1
TH-104525,595,2,2
TH-102352,627,2,3
TH-103685,679,1,1
TH-103069,664,4,3
TH-100039,620,0,2
TH-102245,495,1,2
TH-102725,688,1,3
TH-101379,633,1,5
TH-101673,566,2,3
TH-100605,589,4,2
TH-101569,626,1,0
TH-104103,588,1,0
TH-100571,555,1,5
TH-104417,677,1,0
TH-103233,690,0,3
TH-100338,709,3,2
TH-103277,559,2,1
TH-103378,575,2,2
TH-101239,641,1,4
TH-100847,610,1,0
TH-100894,545,2,1
TH-102621,531,1,3
TH-103580,567,1,1
TH-101053,702,0,2
TH-104444,579,1,2
TH-103821,629,4,0
TH-104453,490,1,5
TH-102034,539,2,0
TH-103355,516,2,1
TH-102974,574,0,0
TH-103187,578,2,2
TH-100503,666,2,2
TH-103074,619,1,0
TH-102300,729,2,1
TH-104354,509,1,4
TH-103903,567,1,2
TH-102949,701,0,2
TH-103389,483,3,3
TH-100996,673,0,1
TH-102204,599,0,3
TH-102861,574,0,1
TH-104523,617,2,4
TH-102963,683,1,2
TH-100638,654,2,0
TH-103899,550,2,1
TH-104910,599,1,2
TH-100226,594,0,0
TH-101178,544,2,2
TH-100132,529,2,2
TH-103728,611,0,2
TH-100522,783,0,0
TH-104572,648,2,2
TH-100699,721,1,1
TH-102522,685,5,4
TH-103741,524,3,1
TH-102637,605,2,1
TH-103987,688,2,4
TH-101248,565,2,3
TH-104060,619,1,3
TH-104540,575,2,4
TH-103610,651,2,2
TH-103444,554,4,0
TH-104374,425,2,1
TH-104353,708,2,1
TH-103480,652,1,2
TH-102788,533,1,0
TH-104955,655,2,1
TH-101448,656,1,3
TH-102069,513,3,3
TH-102399,462,1,5
TH-100237,624,2,0
TH-104949,649,2,1
TH-103420,604,3,4
TH-103304,561,0,0
TH-100113,611,0,0
TH-102281,653,1,0
TH-102085,593,1,2
TH-104020,534,2,2
TH-100001,656,4,0
TH-100223,576,0,3
TH-100258,523,3,2
TH-100832,705,2,0
TH-101623,576,1,1
TH-100870,639,2,1
TH-100080,692,2,1
TH-100899,580,1,3
TH-100965,698,2,0
TH-102832,479,0,2
TH-104013,595,2,5
TH-101657,707,2,0
TH-101530,622,2,4
TH-104575,483,2,3
TH-104265,512,3,1
TH-104597,592,2,0
TH-104762,521,1,2
TH-104102,647,2,3
TH-104785,568,2,2
TH-104738,597,1,1
TH-103274,595,2,1
TH-100388,629,0,0
TH-103702,673,1,4
TH-100455,674,0,0
TH-104701,724,0,1
TH-101171,572,0,0
TH-103754,602,2,2
TH-103257,550,3,0
TH-104568,515,1,3
TH-100364,668,2,3
TH-100962,558,1,1
TH-102589,633,1,2
TH-100844,638,2,2
TH-104908,654,0,1
TH-102772,687,2,0
TH-104928,622,0,4
TH-102990,669,1,1
TH-104105,724,2,2
TH-100984,512,2,1
TH-100083,557,1,2
TH-102819,719,1,0
TH-101048,607,1,4
TH-103067,642,1,2
TH-100564,503,0,1
TH-101674,563,4,1
TH-102985,551,3,3
TH-102600,598,3,1
TH-100420,689,3,2
TH-100824,731,2,0
TH-103316,563,1,1
TH-102100,602,1,1
TH-102489,732,0,1
TH-103593,530,2,2
TH-101036,564,4,1
TH-102970,527,3,2
TH-104707,611,0,2
TH-100604,783,1,3
TH-102203,574,2,5
TH-100710,700,1,1
TH-101222,610,0,1
TH-103137,621,3,1
TH-104603,717,2,6
TH-101236,451,2,2
TH-100892,777,4,2
TH-103690,653,2,1
TH-103019,504,0,2
TH-100969,631,3,2
TH-102369,718,1,1
TH-104033,529,1,1
TH-100958,563,1,0
TH-104047,685,2,1
TH-104089,633,0,1
TH-100307,577,0,3
TH-104277,502,2,1
TH-100659,598,2,1
TH-103760,783,1,3
TH-101647,636,1,1
TH-104091,577,3,0
TH-104583,720,1,3
TH-101817,488,3,3
TH-101354,709,0,1
TH-100450,724,0,1
TH-100452,544,2,4
TH-100004,667,1,2
TH-100603,625,3,2
TH-101261,712,1,2
TH-101219,614,2,1
TH-102387,686,0,0
TH-102512,582,1,2
TH-104285,553,0,1
TH-104677,660,1,4
TH-100868,476,2,0
TH-104614,603,3,1
TH-102377,678,4,2
TH-101780,472,1,2
TH-101917,504,2,1
TH-102881,699,1,2
TH-100871,757,2,4
TH-101451,703,1,3
TH-101396,438,2,2
TH-104491,737,1,1
TH-104562,468,0,1
TH-102556,644,1,2
TH-102077,597,0,0
TH-104514,526,1,3
TH-100777,665,1,4
TH-100867,622,2,4
TH-100361,644,1,1
TH-101323,753,1,0
TH-102482,565,1,3
TH-103985,710,0,1
TH-101245,637,2,1
TH-102109,647,1,0
TH-104244,652,3,1
TH-100370,594,1,0
TH-100219,649,2,0
TH-103028,738,0,3
TH-100188,613,1,1
TH-104702,593,0,4
TH-103007,559,2,2
TH-102613,701,2,0
TH-102020,620,1,3
TH-104378,646,0,6
TH-103892,550,0,0
TH-102463,678,1,0
TH-104660,515,1,3
TH-102525,613,1,2
TH-100413,604,5,2
TH-102864,593,0,1
TH-103297,513,0,2
TH-101139,486,1,3
TH-101671,614,0,1
TH-103001,645,1,1
TH-100632,606,2,1
TH-100828,705,0,0
TH-102456,596,1,1
TH-101529,566,0,4
TH-104120,579,1,2
TH-101328,687,1,3
TH-104437,678,0,0
TH-102002,576,0,0
TH-102301,624,3,2
TH-102978,698,1,1
TH-102452,703,4,1
TH-104900,677,1,2
TH-104153,433,1,2
TH-104360,612,1,1
TH-104934,602,1,3
TH-104041,714,0,1
TH-104794,617,1,4
TH-103311,537,0,2
TH-100459,635,0,1
TH-102560,574,2,1
TH-103089,628,2,4
TH-100464,611,2,3
TH-104283,604,2,2
TH-104957,790,1,2
TH-103999,673,1,2
TH-103933,576,0,1
TH-100829,640,1,3
TH-100453,440,1,0
TH-100944,557,2,2
TH-101458,500,1,3
TH-102170,616,2,2
TH-103358,754,1,1
TH-100326,626,1,2
TH-100806,592,0,4
TH-100786,542,2,1
TH-104302,583,2,1
TH-100247,612,2,3
TH-101482,634,3,4
TH-100805,598,1,1
TH-104067,514,2,1
TH-104126,504,2,2
TH-100398,554,1,0
TH-100138,631,2,2
TH-104325,456,0,1
TH-101225,729,1,3
TH-100174,549,1,1
TH-101368,602,1,0
TH-104953,739,3,1
TH-101421,768,1,0
TH-103498,668,2,0
TH-102046,565,3,2
TH-104007,593,1,1
TH-104678,541,2,1
TH-100961,635,2,1
TH-101875,606,1,2
TH-103761,675,3,2
TH-104066,617,0,2
TH-101561,631,3,0
TH-103442,552,0,1
TH-101217,636,2,1
TH-100550,510,0,1
TH-100662,534,3,1
TH-103967,578,1,1
TH-102774,580,0,2
TH-104087,535,0,2
TH-103005,601,2,1
TH-104560,553,1,5
TH-101433,443,2,3
TH-104084,588,2,1
TH-103017,675,2,1
TH-100493,678,0,5
TH-103745,702,1,3
TH-103046,628,1,0
TH-101624,616,1,2
TH-101002,610,2,1
TH-102776,609,3,1
TH-100577,671,0,2
TH-104076,595,5,2
TH-104503,646,2,1
TH-101040,628,1,2
TH-102567,735,2,1
TH-101752,683,1,1
TH-101080,644,1,0
TH-100460,750,1,4
TH-101385,762,4,1
TH-103485,738,0,1
TH-104290,722,1,3
TH-103783,531,0,2
TH-100992,791,0,2
TH-101517,502,1,2
TH-100339,510,1,1
TH-104253,645,0,3
TH-101906,538,1,2
TH-100440,700,2,4
TH-102149,649,2,1
TH-102734,502,2,4
TH-103025,637,1,2
TH-103853,726,0,3
TH-103798,566,2,3
TH-104185,623,0,2
TH-101907,466,1,1
TH-103170,533,0,0
TH-101637,569,0,0
TH-102501,584,1,0
TH-102230,757,0,1
TH-103146,543,1,4
TH-102868,705,0,2
TH-104127,621,1,1
TH-102095,770,2,1
TH-104972,524,0,4
TH-102810,527,1,0
TH-104145,673,2,2
TH-103809,730,3,1
TH-104840,740,2,2
TH-100728,493,1,2
TH-101784,639,0,2
TH-102896,627,0,3
TH-103522,669,0,2
TH-100739,470,0,3
TH-104618,810,0,3
TH-100725,379,1,0
TH-102491,617,0,0
TH-100851,711,3,1
TH-102841,610,0,5
TH-104228,656,1,1
TH-100070,470,1,1
TH-101685,593,4,2
TH-102677,590,1,1
TH-104929,614,1,2
TH-103991,672,0,1
TH-100559,636,1,1
TH-100988,604,2,2
TH-102093,597,0,1
TH-102042,627,0,2
TH-104554,431,1,2
TH-102011,743,2,0
TH-103764,655,1,0
TH-101603,747,1,2
TH-101170,643,4,1
TH-104654,455,0,1
TH-103994,605,2,2
TH-102363,660,1,2
TH-104859,711,2,1
TH-100121,489,2,1
TH-101169,533,1,0
TH-101411,657,2,1
TH-101806,757,0,1
TH-104713,571,0,4
TH-104885,567,3,2
TH-100271,564,1,1
TH-100175,642,3,5
TH-104501,652,1,1
TH-100713,511,0,4
TH-103635,681,3,1
TH-103192,569,2,3
TH-101155,641,2,1
TH-100808,665,4,1
TH-104192,627,3,1
TH-101090,680,1,4
TH-103513,532,3,2
TH-101401,535,3,5
TH-100145,681,1,0
TH-103883,552,1,3
TH-104770,820,2,1
TH-104685,611,1,3
TH-101320,584,0,3
TH-103178,544,1,5
TH-100535,692,0,0
TH-100566,696,0,1
TH-100896,492,3,3
TH-104655,633,1,0
TH-103202,615,3,2
TH-103038,611,0,2
TH-102355,744,0,0
TH-104797,728,3,2
TH-102000,600,0,0
TH-103037,469,1,3
TH-101755,590,0,1
TH-100095,692,0,1
TH-100502,664,4,1
TH-104390,618,1,2
TH-104138,536,3,1
TH-102694,479,1,0
TH-101577,558,0,2
TH-102869,749,0,1
TH-103637,610,2,2
TH-102448,674,0,4
TH-103816,651,2,3
TH-103000,705,2,3
TH-104679,488,1,3
TH-103830,662,2,1
TH-102386,550,2,2
TH-103296,623,1,2
TH-100088,513,0,2
TH-102163,653,2,1
TH-101606,645,1,2
TH-100526,699,2,1
TH-101822,535,2,1
TH-100204,659,3,6
TH-104170,627,2,2
TH-103135,591,2,0
TH-102429,602,1,2
TH-101823,593,2,1
TH-101882,618,2,1
TH-104029,727,2,0
TH-101821,704,0,0
TH-100255,471,0,1
TH-100736,728,1,5
TH-103736,549,0,0
TH-104580,634,2,4
TH-101145,670,3,3
TH-100858,639,0,3
TH-101295,593,0,5
TH-100135,678,1,0
TH-104132,603,2,1
TH-101592,635,2,1
TH-100752,605,0,4
TH-101786,710,2,3
TH-102330,692,2,2
TH-100776,626,0,0
TH-100878,528,0,2
TH-101119,631,1,0
TH-100792,615,5,2
TH-103463,665,1,1
TH-101256,582,2,1
TH-101701,719,0,1
TH-103101,647,0,2
TH-103319,508,2,4
TH-102114,525,2,2
TH-103461,530,1,2
TH-104496,690,1,3
TH-102304,643,2,2
TH-100751,555,1,3
TH-101859,587,0,2
TH-104183,768,1,1
TH-104114,634,1,0
TH-103981,566,1,2
TH-104628,634,2,2
TH-103938,568,6,2
TH-101404,573,0,1
TH-103852,745,3,3
TH-103528,604,2,2
TH-103810,684,3,4
TH-103418,557,2,3
TH-100457,738,1,1
TH-102458,700,2,4
TH-104579,655,1,2
TH-100624,513,0,1
TH-104635,562,0,1
TH-104469,576,0,1
TH-102863,650,3,1
TH-104486,564,2,2
TH-102724,815,0,4
TH-103300,676,0,1
TH-102105,568,0,1
TH-103356,613,1,1
TH-100314,643,3,0
TH-101418,654,1,2
TH-100097,602,1,1
TH-104824,569,1,2
TH-103653,673,2,3
TH-102171,608,1,0
TH-102112,600,3,5
TH-103797,711,1,1
TH-101094,564,2,1
TH-102614,659,2,6
TH-103428,764,2,5
TH-104086,710,3,1
TH-100073,734,2,1
TH-100079,616,0,1
TH-103808,591,2,0
TH-102039,657,1,5
TH-104050,715,3,2
TH-104507,614,1,0
TH-100509,534,3,0
TH-101224,593,3,2
TH-101450,639,1,1
TH-103873,610,1,1
TH-104381,493,2,1
TH-100018,721,1,4
TH-104451,539,3,3
TH-102923,546,2,2
TH-101521,577,0,0
TH-103120,535,2,2
TH-102431,656,3,2
TH-101253,567,1,2
TH-100126,547,0,2
TH-104107,609,1,1
TH-104259,576,1,2
TH-100979,624,2,3
TH-103419,603,0,2
TH-101324,662,2,5
TH-100014,653,2,0
TH-102219,510,1,1
TH-100801,661,2,1
TH-103207,700,2,1
TH-100239,496,0,4
TH-100658,598,1,1
TH-101798,465,2,3
TH-100312,561,0,0
TH-101480,734,1,1
TH-102732,446,0,1
TH-100139,629,1,1
TH-100136,617,2,2
TH-103340,635,0,1
TH-103436,490,3,1
TH-102001,476,0,2
TH-102248,510,1,5
TH-101474,713,4,1
TH-100647,612,2,2
TH-100625,573,4,1
TH-103099,587,1,2
TH-100249,546,1,1
TH-103713,678,0,1
TH-100703,624,4,1
TH-102316,666,3,1
TH-104944,579,1,3
TH-104095,692,4,1
TH-100313,629,2,2
TH-104530,726,0,1
TH-100789,719,1,2
TH-102504,629,0,2
TH-100205,723,2,2
TH-100471,630,1,3
TH-102013,534,2,2
TH-102696,666,0,0
TH-100404,506,4,1
TH-102459,759,0,2
TH-102748,787,2,5
TH-102293,648,2,2
TH-103879,618,2,0
TH-101810,497,0,3
TH-103901,651,1,0
TH-100400,499,0,3
TH-101120,585,0,1
TH-102346,725,3,2
TH-102791,587,0,1
TH-101076,635,1,6
TH-100507,677,0,1
TH-102126,595,2,1
TH-104681,533,1,2
TH-102931,506,0,3
TH-103982,625,1,1
TH-104225,523,2,1
TH-100043,502,2,4
TH-100417,648,2,1
TH-104245,679,0,1
TH-102040,627,1,3
TH-100384,578,1,0
TH-101553,554,4,3
TH-102341,671,2,0
TH-100090,652,1,1
TH-101084,632,2,4
TH-101520,573,1,1
TH-102904,691,0,3
TH-101962,661,1,1
TH-101100,740,1,5
TH-104318,654,1,2
TH-104483,701,1,1
TH-100910,533,2,5
TH-104661,710,2,2
TH-101114,477,2,1
TH-103302,780,2,5
TH-100809,590,0,1
TH-100737,502,2,5
TH-100171,612,1,1
TH-102636,591,1,2
TH-102258,544,2,3
TH-104069,720,4,1
TH-103710,637,0,2
TH-102268,687,0,3
TH-102434,642,1,1
TH-101854,642,0,1
TH-101212,605,3,0
TH-101299,773,4,3
TH-102299,720,1,2
TH-103131,601,3,1
TH-102524,685,1,2
TH-100048,492,4,3
TH-103881,530,1,3
TH-103205,793,1,1
TH-102543,613,0,2
TH-100297,639,4,1
TH-101763,599,1,1
TH-100718,664,1,5
TH-101050,579,2,2
TH-102133,587,1,2
TH-104715,451,1,1
TH-100575,563,0,4
TH-101397,514,0,0
TH-100068,721,1,1
TH-103507,424,2,3
TH-101783,680,4,3
TH-101883,623,0,0
TH-104768,608,2,1
TH-100800,567,1,3
TH-104242,657,0,4
TH-101060,526,3,2
TH-103252,608,4,5
TH-103622,618,0,2
TH-102604,606,3,2
TH-104836,662,2,2
TH-103238,520,3,4
TH-104273,594,1,3
TH-104322,544,1,2
TH-104662,557,0,3
TH-100533,646,1,2
TH-102045,542,4,3
TH-103828,745,0,2
TH-103678,597,2,4
TH-103946,529,1,0
TH-103891,664,2,1
TH-103352,608,1,4
TH-104605,648,0,1
TH-101257,566,2,3
TH-101227,542,3,2
TH-103719,595,0,4
TH-101252,727,0,1
TH-101848,596,0,2
TH-103241,669,1,1
TH-100821,620,1,4
TH-102186,706,0,3
TH-100085,624,2,0
TH-104301,606,1,2
TH-101625,542,4,1
TH-102581,629,1,2
TH-100213,575,1,3
TH-104440,733,3,1
TH-100768,714,0,2
TH-104310,606,1,2
TH-101612,557,1,0
TH-102675,706,1,2
TH-101519,527,2,4
TH-103954,644,2,3
TH-100536,694,0,0
TH-100663,597,1,4
TH-101301,511,1,1
TH-100521,598,3,2
TH-100263,477,0,1
TH-101670,716,1,0
TH-102592,630,3,1
TH-103332,592,0,3
TH-103359,652,1,3
TH-100407,484,0,1
TH-104343,632,2,3
TH-100063,700,1,1
TH-100322,546,1,1
TH-100519,603,2,0
TH-101029,585,1,2
TH-103886,702,2,3
TH-103835,640,1,1
TH-104421,598,1,4
TH-103161,551,1,0
TH-102917,490,0,3
TH-102565,685,0,1
TH-101756,719,0,3
TH-103956,609,4,0
TH-103014,660,2,4
TH-100640,671,1,4
TH-102958,552,3,2
TH-102423,623,1,2
TH-101849,655,1,1
TH-101420,739,1,1
TH-101177,590,1,1
TH-103413,568,0,0
TH-102559,616,2,3
TH-101200,774,1,0
TH-102998,640,0,1
TH-103121,544,1,1
TH-100163,752,0,1
TH-101504,642,2,1
TH-103387,500,2,4
TH-104787,521,2,3
TH-103177,628,2,6
TH-103900,613,0,2
TH-102854,607,2,4
TH-104576,559,3,3
TH-100344,586,1,1
TH-104303,599,2,3
TH-101063,565,2,1
TH-102997,576,1,2
TH-100366,434,0,3
TH-102926,496,2,3
TH-103632,563,4,5
TH-104198,682,2,4
TH-101627,547,0,3
TH-101291,631,0,2
TH-100055,678,1,2
TH-102846,574,0,0
TH-101818,762,2,1
TH-104028,652,2,1
TH-101267,699,3,1
TH-103144,687,4,2
TH-102583,652,1,3
TH-100020,554,2,3
TH-103153,551,1,2
TH-103379,723,1,5
TH-101843,589,2,0
TH-101330,580,0,4
TH-103401,608,0,3
TH-103373,590,2,4
TH-102007,647,2,1
TH-101268,605,3,1
TH-102530,459,2,0
TH-104078,648,1,2
TH-103368,592,2,2
TH-102441,629,1,4
TH-103740,429,3,3
TH-101342,572,4,6
TH-101764,559,0,4
TH-101892,567,0,4
TH-103481,621,1,2
TH-102413,566,3,2
TH-100940,672,1,0
TH-102582,488,1,1
TH-104961,598,0,5
TH-103649,665,2,4
TH-102070,608,0,2
TH-102551,798,0,3
TH-102101,731,0,4
TH-103193,645,3,2
TH-100841,549,0,3
TH-101453,672,3,1
TH-101950,631,0,1
TH-101479,682,1,3
TH-100009,666,2,4
TH-101141,518,1,3
TH-104157,818,1,2
TH-102644,737,1,1
TH-103793,587,1,0
TH-104475,662,1,5
TH-104108,586,0,5
TH-103597,554,1,0
TH-101147,605,2,1
TH-102532,721,1,1
TH-100665,562,1,1
TH-104163,505,4,1
TH-102244,654,0,3
TH-102003,580,3,1
TH-104895,782,3,3
TH-101707,522,1,2
TH-104638,571,0,5
TH-103384,709,5,2
TH-102723,651,0,2
TH-104014,708,1,1
TH-104309,446,1,1
TH-101157,560,0,4
TH-100050,519,2,3
TH-100716,528,0,1
TH-102402,719,0,6
TH-103106,559,3,1
TH-102590,751,1,0
TH-103758,612,0,2
TH-101228,580,2,2
TH-104691,630,0,2
TH-103729,447,0,3
TH-101834,586,1,4
TH-103611,520,1,4
TH-102227,627,1,1
TH-104508,525,0,3
TH-101886,708,0,0
TH-101344,654,2,3
TH-102539,661,2,2
TH-101815,516,1,0
TH-103538,523,2,1
TH-104619,544,3,1
TH-103888,578,1,4
TH-100246,607,4,1
TH-102337,401,3,1
TH-103500,526,2,2
TH-104518,691,1,1
TH-101167,621,1,3
TH-100084,780,1,3
TH-101199,750,2,3
TH-102833,678,1,6
TH-103468,631,1,3
TH-102498,745,1,1
TH-103338,576,1,2
TH-101858,595,2,2
TH-101311,577,1,4
TH-104849,662,0,2
TH-104058,606,1,2
TH-104697,616,1,1
TH-104623,605,1,0
TH-103013,520,0,1
TH-102183,696,3,1
TH-100947,697,2,0
TH-104092,496,2,0
TH-104606,744,1,3
TH-104098,587,2,3
TH-101964,592,2,3
TH-100749,636,0,1
TH-101173,726,1,0
TH-103540,571,0,1
TH-103456,642,1,4
TH-100746,591,0,1
TH-103898,719,0,2
TH-101317,481,1,2
TH-101389,696,0,5
TH-100225,800,0,0
TH-103104,678,3,3
TH-104553,742,2,1
TH-101819,517,2,1
TH-102749,515,0,2
TH-104927,471,1,4
TH-102092,677,1,2
TH-101362,646,0,1
TH-101830,398,3,1
TH-103195,586,0,1
TH-103129,634,3,1
TH-100016,610,1,2
TH-102786,507,1,0
TH-100827,551,2,1
TH-103199,485,3,1
TH-102919,509,2,0
TH-100567,608,0,2
TH-100534,630,1,2
TH-104860,597,0,0
TH-103928,660,1,0
TH-102188,691,0,1
TH-101351,659,3,2
TH-100714,639,2,1
TH-100117,480,1,3
TH-101276,850,3,1
TH-100613,678,4,1
TH-101540,513,2,0
TH-103607,651,1,0
TH-104651,603,0,0
TH-103647,556,0,3
TH-103917,629,2,2
TH-101472,470,2,0
TH-104549,548,0,2
TH-104918,704,4,4
TH-103452,652,0,3
TH-102843,739,1,1
TH-100933,614,1,2
TH-102760,667,3,2
TH-100568,668,1,3
TH-102836,670,3,4
TH-100849,767,1,1
TH-100421,578,0,2
TH-102120,639,0,1
TH-100889,726,1,0
TH-102237,506,1,1
TH-103210,624,0,1
TH-102367,607,2,4
TH-104278,645,3,3
TH-103357,531,0,0
TH-103335,777,2,3
TH-102924,647,0,3
TH-102801,558,3,1
TH-102620,759,3,1
TH-100918,672,1,0
TH-100291,560,2,1
TH-104587,662,2,1
TH-104729,686,2,0
TH-103056,595,4,2
TH-104978,560,1,2
TH-101813,521,3,1
TH-102912,622,1,0
TH-102727,636,1,1
TH-104308,610,1,3
TH-104355,827,2,1
TH-103130,627,2,0
TH-104616,796,1,0
TH-101757,659,2,3
TH-100372,613,3,0
TH-100780,717,1,3
TH-100761,594,3,5
TH-100738,657,1,1
TH-102665,535,2,3
TH-103328,538,2,0
TH-104419,670,1,1
TH-102540,586,0,2
TH-104601,588,2,5
TH-101476,616,2,3
TH-104874,538,3,0
TH-102438,793,2,1
TH-103668,707,3,2
TH-100074,615,2,1
TH-101278,653,2,4
TH-100425,596,0,5
TH-104214,708,0,4
TH-100280,511,1,1
TH-104532,653,0,4
TH-104492,646,0,0
TH-102026,504,2,4
TH-102891,699,3,4
TH-102260,654,1,0
TH-101122,634,0,1
TH-102573,640,1,1
TH-101312,615,2,1
TH-100185,549,3,2
TH-101166,605,3,2
TH-103992,670,3,0
TH-100066,544,0,3
TH-103094,452,2,1
TH-100818,568,3,2
TH-101096,812,0,3
TH-102015,608,1,4
TH-101471,496,2,0
TH-101860,600,2,1
TH-100636,610,0,4
TH-100683,586,0,1
TH-102670,666,0,1
TH-100730,597,2,0
TH-103385,693,1,1
TH-101904,850,1,3
TH-104109,601,3,4
TH-102909,693,2,1
TH-104188,606,0,1
TH-101661,639,1,1
TH-103162,568,2,3
TH-104307,602,0,2
TH-102207,731,2,0
TH-100367,669,2,3
TH-100408,545,1,2
TH-104997,670,1,0
TH-102688,578,1,2
TH-101487,668,1,4
TH-104613,692,0,1
TH-100645,604,2,4
TH-102827,559,2,2
TH-101972,527,1,1
TH-104224,763,1,1
TH-104925,664,1,0
TH-103529,670,2,2
TH-102606,595,0,3
TH-103016,606,2,2
TH-101349,621,0,1
TH-100104,688,0,1
TH-103441,504,0,2
TH-104135,569,1,1
TH-100127,676,0,0
TH-102837,718,3,2
TH-103974,734,0,2
TH-101877,493,0,1
TH-102659,630,1,3
TH-102317,653,1,1
TH-101773,558,0,2
TH-100855,563,2,2
TH-101557,554,0,2
TH-101808,590,0,0
TH-100908,632,1,1
TH-100059,592,2,1
TH-104298,541,2,1
TH-104340,614,0,2
TH-104673,481,0,0
TH-102397,581,4,7
TH-104958,496,4,3
TH-101275,535,1,2
TH-103371,544,1,1
TH-101190,530,2,0
TH-100887,600,0,0
TH-103734,593,1,2
TH-100024,561,0,4
TH-104913,449,4,0
TH-102662,699,0,0
TH-102340,586,2,2
TH-100642,479,1,3
TH-101289,494,2,2
TH-101591,534,0,4
TH-103348,538,1,4
TH-100112,507,2,5
TH-101980,664,0,0
TH-101341,705,0,0
TH-100622,641,3,2
TH-101064,644,1,1
TH-100302,620,1,2
TH-102948,734,0,1
TH-104723,529,0,2
TH-102295,606,1,3
TH-104809,565,2,2
TH-104964,649,1,3
TH-101407,580,1,1
TH-104855,568,1,4
TH-104937,604,1,1
TH-100864,816,0,6
TH-104326,565,5,2
TH-104323,714,2,2
TH-103176,665,1,3
TH-104741,806,0,1
TH-101802,665,3,4
TH-104759,475,1,2
TH-102663,593,1,1
TH-100673,619,4,1
TH-101431,669,1,2
TH-102486,588,1,4
TH-100429,695,1,1
TH-104156,610,0,2
TH-101046,608,1,4
TH-102903,597,3,1
TH-104804,598,1,3
TH-100715,552,2,7
TH-101485,640,2,1
TH-103584,611,1,1
TH-104989,669,1,1
TH-104223,606,1,1
TH-101359,584,1,5
TH-101513,552,0,0
TH-101532,594,0,4
TH-104445,641,2,3
TH-104788,528,2,2
TH-103620,681,0,1
TH-102160,648,0,1
TH-104274,694,2,2
TH-102609,780,2,1
TH-101717,693,1,3
TH-100545,722,3,0
TH-103541,557,1,2
TH-100576,586,0,1
TH-104547,720,0,3
TH-101651,770,5,1
TH-100341,544,2,2
TH-103243,844,1,1
TH-101459,649,2,2
TH-101678,655,1,0
TH-102541,530,2,4
TH-100348,724,1,1
TH-104719,640,1,1
TH-102845,549,1,3
TH-104341,566,1,1
TH-103085,644,2,1
TH-101995,698,2,3
TH-104396,562,3,1
TH-101620,513,1,3
TH-103912,636,1,3
TH-103707,745,1,2
TH-102014,592,2,5
TH-104656,647,0,1
TH-100358,710,3,1
TH-102762,636,0,1
TH-102072,629,1,1
TH-102906,665,0,1
TH-102234,613,3,1
TH-102374,621,1,2
TH-103585,648,0,2
TH-101525,612,1,2
TH-100476,632,2,2
TH-103449,435,0,3
TH-100292,521,2,2
TH-104211,555,1,1
TH-103601,755,3,3
TH-104315,589,1,2
TH-104359,593,1,3
TH-103823,498,1,3
TH-102190,615,0,1
TH-103854,773,0,1
TH-101781,451,2,1
TH-104392,716,0,1
TH-104199,507,2,4
TH-102635,482,3,1
TH-102378,507,2,0
TH-101338,713,1,1
TH-103717,640,1,2
TH-101956,660,3,2
TH-101968,564,3,3
TH-103447,588,3,0
TH-101792,720,1,1
TH-103672,706,1,4
TH-103303,712,2,2
TH-100843,569,1,2
TH-104814,612,0,0
TH-104280,723,1,1
TH-104776,604,0,0
TH-100096,772,1,0
TH-101356,417,4,2
TH-100598,550,0,0
TH-104689,547,0,1
TH-102811,669,2,1
TH-104942,574,2,1
TH-101335,696,2,1
TH-104631,452,2,0
TH-101425,653,2,2
TH-102927,644,4,0
TH-100687,615,1,2
TH-100617,539,3,0
TH-101234,647,2,1
TH-103542,571,0,1
TH-103587,640,3,3
TH-101863,648,3,1
TH-102850,657,2,4
TH-101733,544,5,5
TH-104370,556,0,4
TH-104079,501,1,2
TH-103699,796,2,3
TH-100187,551,0,3
TH-101996,473,1,0
TH-102885,607,0,3
TH-104564,629,3,2
TH-103105,477,1,3
TH-102365,756,2,3
TH-103677,506,4,3
TH-102201,566,1,0
TH-102671,733,1,2
TH-103412,762,0,1
TH-102390,645,1,4
TH-100259,728,5,1
TH-102332,600,0,5
TH-101688,560,1,1
TH-102056,579,3,2
TH-101913,582,0,2
TH-101918,701,1,4
TH-101426,481,3,1
TH-101284,523,2,2
TH-101057,692,1,1
TH-103349,678,3,1
TH-103346,724,1,3
TH-100815,788,1,1
TH-100782,602,2,2
TH-103748,604,2,2
TH-102822,652,0,2
TH-104383,505,1,1
TH-103364,669,1,1
TH-103966,719,2,1
TH-103919,613,0,0
TH-100284,556,1,1
TH-102967,604,2,2
TH-104515,535,0,2
TH-104175,497,1,2
TH-104757,458,1,0
TH-104947,546,1,2
TH-102726,558,0,2
TH-102128,682,2,2
TH-102844,604,2,0
TH-103268,572,3,0
TH-103544,549,0,4
TH-102159,500,2,2
TH-101127,462,2,1
TH-100740,528,3,2
TH-104267,748,0,1
TH-104980,650,2,2
TH-103228,632,1,3
TH-103566,561,0,4
TH-101331,589,3,2
TH-100475,560,2,5
TH-102428,613,2,3
TH-101697,597,2,4
TH-104164,634,0,2
TH-100354,596,3,1
TH-103714,705,2,1
TH-100807,762,2,1
TH-103092,664,1,4
TH-103488,595,1,4
TH-102206,573,0,0
TH-101590,617,1,1
TH-102778,611,1,3
TH-102028,694,2,2
TH-101430,844,1,2
TH-103691,521,3,7
TH-103484,766,1,1
TH-104447,560,1,2
TH-100298,658,2,2
TH-102232,543,1,1
TH-100668,660,1,3
TH-100448,795,1,1
TH-103279,740,3,1
TH-103201,612,0,4
TH-101416,596,0,0
TH-103365,578,3,1
TH-100626,765,2,4
TH-103803,575,0,2
TH-100103,575,2,1
TH-103386,590,1,0
TH-101414,641,4,3
TH-100165,533,2,0
TH-102344,536,0,4
TH-100938,670,5,1
TH-100414,742,0,4
TH-101144,739,1,3
TH-103934,747,2,1
TH-104141,623,2,1
TH-100149,697,3,2
TH-101753,625,1,2
TH-101095,617,3,1
TH-104798,589,2,3
TH-102246,583,0,4
TH-102209,574,1,2
TH-102364,650,1,2
TH-102683,535,1,0
TH-101916,765,0,1
TH-102117,795,0,2
TH-102546,550,1,3
TH-100774,636,0,2
TH-104256,753,1,3
TH-102625,692,0,2
TH-100987,640,3,1
TH-101382,646,1,2
TH-104901,579,2,1
TH-100419,705,4,4
TH-103770,712,0,1
TH-102528,589,3,4
TH-104427,749,3,1
TH-102831,525,4,2
TH-100860,673,2,1
TH-103530,552,4,0
TH-104368,517,2,2
TH-101412,503,2,1
TH-102847,452,0,1
TH-104082,485,2,6
TH-100756,664,0,4
TH-103029,660,2,1
TH-102575,752,2,3
TH-101930,734,1,3
TH-103902,591,2,3
TH-100950,516,0,1
TH-101183,608,2,3
TH-101585,623,2,5
TH-104526,679,1,1
TH-103735,648,1,1
TH-103648,726,3,2
TH-104513,557,1,3
TH-102416,684,3,4
TH-103209,645,2,2
TH-104342,584,2,3
TH-103782,644,0,3
TH-102828,589,1,1
TH-101013,583,0,0
TH-104416,603,0,0
TH-102184,766,2,1
TH-104578,562,2,1
TH-102054,652,1,0
TH-100010,725,2,4
TH-104487,664,0,0
TH-103550,517,4,1
TH-101899,602,0,2
TH-102531,647,3,4
TH-101531,762,2,2
TH-103343,568,0,0
TH-102605,765,1,0
TH-100028,601,1,2
TH-104043,672,0,3
TH-101464,650,3,2
TH-100267,632,4,1
TH-103722,573,1,2
TH-102404,674,0,2
TH-104598,593,2,2
TH-104346,564,3,3
TH-103565,545,1,0
TH-104692,597,1,5
TH-100035,569,0,0
TH-100953,514,1,4
TH-103050,583,0,1
TH-102921,477,1,3
TH-101279,703,0,2
TH-102371,726,0,3
TH-103366,460,1,1
TH-103023,598,2,2
TH-101919,650,0,1
TH-103438,622,1,3
TH-101140,625,2,2
TH-103068,698,1,3
TH-100153,554,1,0
TH-100500,634,1,3
TH-101113,617,0,2
TH-102578,693,2,2
TH-101735,496,1,3
TH-102217,507,0,2
TH-103612,539,1,2
TH-103036,585,2,2
TH-104324,695,0,1
TH-103825,698,1,1
TH-103596,549,2,3
TH-104899,586,1,3
TH-103494,595,1,2
TH-102629,507,0,3
TH-103133,544,2,2
TH-100641,815,2,4
TH-103573,533,0,3
TH-102375,572,0,1
TH-102083,665,1,1
TH-103096,513,0,0
TH-101118,521,2,2
TH-103181,545,0,0
TH-103831,483,3,4
TH-101387,556,3,0
TH-100976,528,0,0
TH-103313,510,2,0
TH-101121,580,1,3
TH-100772,625,2,1
TH-100707,738,1,2
TH-103645,819,2,2
TH-103977,634,1,1
TH-101954,686,2,3
TH-102401,582,1,1
TH-102242,778,0,3
TH-103495,661,0,2
TH-103571,732,0,1
TH-100006,615,1,1
TH-102741,581,2,1
TH-100211,572,0,3
TH-102282,657,2,2
TH-101475,705,0,1
TH-102049,718,2,0
TH-102197,601,0,2
TH-102323,639,1,3
TH-104235,572,2,1
TH-104941,655,4,2
TH-102305,769,2,0
TH-103350,601,2,1
TH-101066,668,0,2
TH-102321,526,1,3
TH-100669,654,4,0
TH-103813,661,2,3
TH-101747,665,0,2
TH-103222,787,4,2
TH-103520,661,1,2
TH-104674,678,1,0
TH-101663,537,2,5
TH-100360,471,2,5
TH-102250,515,1,1
TH-100920,577,1,2
TH-104793,660,0,0
TH-101370,649,1,0
TH-104426,673,0,3
TH-102654,550,2,1
TH-102731,550,2,1
TH-102494,599,0,3
TH-102536,529,2,2
TH-103666,563,1,2
TH-100691,610,0,0
TH-104337,549,1,0
TH-100764,593,0,1
TH-100330,623,1,3
TH-102874,639,1,2
TH-101970,476,0,4
TH-104042,698,3,2
TH-100814,473,2,1
TH-100842,567,3,2
TH-102082,577,0,1
TH-102488,617,0,2
TH-104604,594,2,2
TH-103156,561,2,2
TH-104048,704,0,6
TH-101493,457,2,2
TH-104920,588,2,2
TH-101375,644,4,3
TH-100674,593,1,0
TH-100581,651,4,3
TH-101682,534,1,1
TH-103244,656,0,1
TH-100431,618,1,1
TH-104272,701,2,2
TH-100788,662,1,2
TH-102210,632,1,3
TH-103973,705,1,0
TH-100991,635,4,3
TH-103811,545,0,2
TH-104807,687,0,0
TH-100799,675,4,1
TH-102652,583,0,3
TH-103639,631,1,3
TH-104822,585,3,3
TH-101035,609,2,4
TH-103820,547,1,1
TH-104247,604,1,2
TH-102730,616,1,4
TH-101270,467,1,1
TH-104271,666,2,1
TH-104239,635,1,0
TH-101831,515,2,1
TH-101186,645,1,3
TH-101282,574,3,1
TH-103027,721,0,1
TH-104197,638,3,2
TH-104637,656,3,2
TH-101533,547,2,1
TH-102073,613,2,3
TH-100409,586,2,1
TH-104559,632,0,1
TH-100166,671,1,2
TH-100742,616,4,3
TH-101285,528,3,5
TH-104462,711,1,3
TH-104591,567,0,0
TH-101163,730,4,2
TH-104327,718,2,1
TH-102866,524,0,1
TH-101194,615,0,2
TH-103665,520,2,3
TH-104344,521,1,1
TH-101597,553,0,2
TH-102096,486,2,1
TH-101321,499,0,3
TH-103055,588,3,3
TH-100921,661,1,4
TH-104497,637,2,2
TH-104561,583,1,3
TH-103486,659,1,3
TH-102010,664,2,2
TH-104700,470,0,1
TH-102941,621,1,3
TH-101978,670,0,2
TH-100406,597,1,1
TH-102310,701,1,1
TH-102030,602,0,3
TH-101220,605,0,3
TH-100315,755,1,2
TH-103136,498,0,2
TH-102124,651,2,0
TH-103727,630,4,1
TH-102164,584,2,3
TH-101775,638,0,4
TH-100449,713,0,3
TH-103927,631,0,0
TH-101742,522,1,1
TH-100897,552,2,3
TH-100049,627,0,1
TH-104177,619,0,3
TH-104883,448,1,4
TH-102264,696,1,2
TH-102552,622,1,1
TH-100433,704,2,2
TH-101711,651,1,1
TH-101887,726,4,1
TH-100379,629,2,3
TH-104724,727,0,2
TH-102239,571,4,2
TH-103826,552,2,0
TH-103405,672,1,2
TH-104950,505,3,1
TH-103081,617,0,2
TH-100041,584,0,2
TH-103857,610,0,3
TH-103088,634,2,1
TH-100863,721,0,4
TH-101743,492,0,3
TH-103143,710,1,0
TH-102400,433,1,2
TH-101943,566,1,1
TH-101398,480,1,4
TH-100611,597,1,0
TH-104493,441,1,2
TH-102167,719,2,2
TH-102418,622,2,2
TH-102499,573,2,1
TH-101665,597,2,2
TH-100585,642,3,1
TH-103681,636,1,0
TH-101049,712,3,3
TH-104969,509,1,4
TH-100883,498,0,1
TH-102710,604,1,3
TH-100758,605,2,2
TH-100418,761,0,2
TH-100155,655,2,2
TH-103030,566,2,1
TH-100430,460,0,4
TH-103931,639,0,2
TH-104567,661,0,1
TH-103561,569,1,1
TH-102883,628,1,1
TH-104853,532,7,1
TH-100909,543,2,2
TH-100587,594,1,1
TH-102409,592,3,2
TH-103216,684,2,1
TH-104984,538,3,1
TH-104080,626,0,4
TH-100317,540,1,4
TH-103618,644,0,2
TH-100438,543,2,3
TH-102817,633,0,3
TH-103555,646,1,5
TH-104954,515,0,1
TH-101148,566,2,1
TH-104698,696,3,0
TH-101500,684,0,2
TH-103640,678,0,0
TH-104435,544,1,2
TH-104866,544,1,2
TH-101926,492,1,2
TH-103312,616,2,3
TH-103592,523,3,1
TH-102804,446,2,0
TH-103839,690,2,1
TH-103664,419,0,3
TH-101281,549,0,3
TH-101334,810,2,4
TH-100513,499,0,0
TH-104139,593,0,1
TH-104418,606,2,3
TH-104331,663,3,5
TH-104563,661,1,4
TH-102542,694,2,4
TH-103254,556,1,1
TH-103078,639,1,3
TH-103715,498,1,3
TH-103283,748,1,3
TH-100152,749,2,1
TH-101294,635,1,3
TH-104750,568,1,2
TH-102856,613,0,4
TH-100157,717,1,2
TH-104795,690,3,1
TH-100350,648,2,0
TH-103155,581,1,5
TH-100717,524,1,2
TH-101473,515,3,2
TH-102181,584,1,3
TH-104300,705,1,1
TH-100820,707,1,1
TH-102257,591,1,1
TH-104264,548,1,1
TH-102238,564,0,1
TH-104097,738,3,1
TH-101457,694,2,2
TH-103575,612,0,3
TH-102784,763,2,3
TH-102453,733,2,3
TH-103643,564,2,1
TH-101947,534,1,3
TH-103865,571,5,1
TH-102104,624,2,3
TH-104178,532,1,1
TH-104717,669,0,1
TH-100465,528,2,2
TH-100671,750,1,1
TH-103563,519,1,0
TH-101315,555,0,2
TH-101005,637,2,0
TH-101895,568,2,2
TH-104101,675,1,3
TH-100224,651,3,3
TH-101724,699,2,1
TH-102798,526,1,2
TH-101369,587,0,2
TH-103923,614,2,1
TH-102148,582,0,4
TH-104588,632,1,1
TH-100147,572,1,3
TH-101629,669,3,1
TH-101825,487,3,3
TH-101546,679,1,2
TH-100935,770,0,1
TH-102686,547,2,3
TH-101456,439,2,2
TH-103467,518,1,3
TH-103272,794,0,3
TH-101965,582,1,2
TH-102410,479,0,2
TH-102370,638,1,4
TH-103913,559,1,4
TH-103251,615,1,3
TH-100499,585,2,0
TH-103767,651,0,3
TH-100304,554,0,4
TH-100812,490,2,1
TH-101771,715,1,2
TH-103165,814,3,1
TH-100802,703,2,2
TH-101878,570,1,2
TH-102142,595,4,1
TH-104438,681,1,4
TH-104912,613,2,2
TH-103310,617,2,2
TH-103916,667,2,3
TH-100865,559,1,2
TH-100386,707,2,2
TH-103390,641,2,1
TH-100760,609,0,2
TH-100520,671,0,1
TH-104524,554,2,3
TH-100675,537,4,4
TH-100340,588,1,2
TH-100936,638,0,2
TH-104529,664,0,1
TH-102500,638,2,1
TH-101580,600,2,1
TH-102440,606,0,1
TH-104432,663,2,4
TH-104456,635,1,7
TH-100607,656,2,4
TH-101610,677,3,1
TH-101648,608,2,1
TH-103429,559,1,3
TH-100538,625,1,0
TH-104755,633,1,2
TH-103061,739,0,2
TH-104332,526,0,1
TH-100031,573,1,0
TH-101213,470,1,1
TH-100599,603,2,2
TH-101966,699,2,2
TH-101767,670,0,2
TH-104179,550,3,3
TH-103705,701,3,3
TH-104276,642,3,1
TH-101333,529,0,2
TH-102436,651,0,0
TH-103376,529,0,1
TH-100609,649,0,2
TH-102262,656,0,1
TH-104570,557,0,0
TH-101318,539,1,0
TH-100925,505,1,4
TH-104686,540,0,0
TH-101452,636,3,2
TH-104864,670,1,2
TH-103948,595,3,1
TH-101462,570,1,0
TH-102327,783,0,2
TH-103218,606,0,1
TH-101536,694,1,1
TH-100945,552,3,0
TH-103855,424,0,1
TH-102038,425,0,1
TH-101514,710,4,2
TH-102961,550,2,1
TH-101850,392,3,0
TH-100709,637,1,1
TH-102205,620,1,2
TH-102103,596,2,2
TH-104051,615,5,1
TH-102973,697,3,5
TH-104571,758,0,2
TH-101787,584,1,3
TH-100078,605,0,2
TH-103867,591,2,1
TH-101618,560,0,2
TH-100220,619,1,2
TH-100797,709,1,3
TH-103416,604,3,3
TH-103032,667,1,2
TH-104847,715,1,1
TH-103140,712,0,1
TH-100589,628,2,6
TH-101361,453,1,6
TH-104756,503,2,1
TH-100355,633,1,1
TH-103675,588,1,2
TH-102697,708,2,3
TH-100170,716,2,1
TH-103166,542,1,1
TH-104879,573,3,1
TH-102797,736,4,2
TH-103511,693,2,2
TH-100913,559,1,3
TH-104213,481,0,3
TH-103033,665,1,0
TH-102415,544,0,1
TH-101744,671,3,4
TH-103619,595,0,1
TH-101732,633,0,4
TH-102135,527,0,2
TH-103562,680,2,1
TH-101852,674,2,0
TH-100993,668,2,0
TH-100094,625,3,2
TH-103944,561,2,0
TH-102057,686,1,2
TH-101001,494,0,2
TH-101051,693,1,1
TH-103786,722,3,2
TH-101172,736,0,2
TH-103753,565,0,2
TH-104071,603,1,1
TH-102666,720,0,2
TH-102838,393,2,5
TH-104517,710,1,4
TH-102728,508,2,5
TH-101020,673,2,1
TH-101182,621,0,3
TH-104335,615,2,3
TH-102479,795,3,1
TH-103091,676,1,2
TH-102349,710,1,1
TH-100543,585,3,1
TH-104204,571,3,3
TH-102761,676,1,2
TH-103998,634,1,1
TH-100701,674,2,5
TH-103914,538,1,0
TH-101192,537,2,0
TH-104003,710,2,3
TH-100008,587,0,1
TH-100005,649,2,2
TH-103103,630,2,0
TH-104147,622,1,2
TH-104943,552,2,3
TH-104629,514,1,1
TH-100343,624,1,1
TH-104611,535,0,1
TH-101159,719,1,1
TH-104742,645,0,2
TH-100478,679,1,0
TH-104648,529,3,0
TH-104038,570,0,1
TH-101558,671,0,1
TH-104624,571,1,3
TH-102457,705,1,1
TH-101126,739,1,1
TH-102292,551,1,4
TH-103802,619,2,2
TH-102058,625,3,3
TH-101185,529,1,1
TH-104800,463,6,1
TH-104269,574,1,0
TH-101643,683,1,0
TH-101594,754,3,1
TH-101373,733,1,1
TH-102381,591,5,1
TH-103064,633,0,2
TH-103035,650,1,2
TH-101840,749,2,1
TH-102521,641,0,1
TH-102182,439,1,0
TH-102156,581,4,2
TH-102680,673,1,2
TH-101721,684,3,1
TH-102031,677,0,1
TH-100672,491,3,4
TH-101340,566,1,3
TH-102972,547,1,2
TH-102955,547,3,1
TH-102420,590,1,4
TH-102383,756,0,4
TH-100033,785,0,4
TH-102306,546,3,3
TH-104429,514,3,0
TH-103152,660,1,3
TH-102766,576,1,2
TH-100377,672,1,3
TH-103490,727,3,2
TH-103725,605,3,1
TH-100444,662,2,0
TH-101093,541,5,1
TH-100270,485,3,2
TH-103043,606,0,1
TH-102313,545,0,0
TH-101483,591,1,1
TH-104888,520,0,3
TH-104510,580,2,0
TH-101560,736,0,2
TH-103391,628,1,1
TH-102019,477,2,1
TH-104240,727,1,0
TH-100383,602,3,5
TH-100652,636,0,1
TH-101152,516,2,2
TH-104761,640,2,4
TH-100512,515,3,0
TH-103159,663,0,2
TH-103890,687,0,0
TH-100517,715,0,0
TH-100266,666,2,3
TH-104856,482,2,1
TH-102787,507,1,4
TH-103885,753,0,3
TH-100680,780,2,1
TH-102960,585,2,2
TH-103872,632,4,2
TH-103551,782,2,1
TH-103836,670,0,1
TH-104350,589,0,1
TH-100201,569,1,0
TH-101914,565,0,1
TH-103499,521,2,0
TH-101998,694,1,2
TH-101098,632,1,2
TH-100195,705,4,0
TH-101033,699,2,6
TH-104752,518,1,1
TH-103247,641,1,0
TH-100119,604,0,3
TH-102995,528,0,1
TH-101586,614,0,1
TH-100490,564,1,1
TH-101779,734,3,3
TH-104739,792,0,1
TH-100763,617,4,1
TH-103506,814,0,2
TH-103395,741,1,0
TH-104485,703,2,1
TH-100726,481,4,0
TH-104734,750,0,1
TH-100952,528,2,3
TH-104385,589,0,1
TH-103232,592,2,2
TH-101242,496,2,0
TH-104305,634,1,0
TH-101722,766,0,1
TH-104914,679,0,4
TH-101272,515,2,2
TH-104767,679,0,2
TH-104255,711,3,2
TH-100481,600,1,4
TH-102889,518,1,3
TH-104791,535,2,3
TH-104854,586,1,1
TH-102719,659,2,0
TH-101912,801,2,2
TH-102878,611,0,4
TH-104922,721,0,1
TH-100861,668,0,1
TH-103945,678,1,3
TH-101512,649,2,1
TH-101873,540,0,0
TH-104878,492,1,1
TH-102616,666,0,1
TH-103692,719,0,1
TH-100017,567,2,4
TH-102379,553,1,0
TH-101751,705,2,1
TH-100177,418,1,2
TH-103935,634,0,3
TH-103504,786,1,3
TH-101229,615,0,4
TH-104676,590,0,3
TH-101574,521,3,0
TH-104490,504,2,1
TH-102320,568,1,3
TH-103323,651,1,1
TH-103322,680,1,1
TH-104452,719,1,3
TH-101890,659,2,3
TH-100179,543,2,3
TH-102462,701,2,3
TH-101952,708,2,1
TH-104857,653,1,4
TH-100019,737,2,2
TH-102818,492,2,3
TH-104973,468,2,1
TH-101151,606,5,3
TH-104137,614,4,1
TH-102996,561,0,3
TH-104046,592,3,2
TH-103208,584,0,3
TH-101621,602,1,3
TH-102650,616,0,3
TH-103327,579,4,1
TH-103344,543,2,2
TH-101339,588,0,3
TH-104837,664,1,0
TH-102999,527,0,3
TH-101611,755,2,1
TH-100833,729,2,2
TH-103299,615,4,3
TH-103367,649,3,2
TH-104266,509,1,2
TH-102872,752,0,2
TH-101575,616,1,1
TH-100310,497,2,2
TH-102388,648,2,4
TH-100690,669,1,2
TH-104981,541,1,3
TH-100403,573,3,5
TH-100977,456,2,1
TH-100578,664,2,5
TH-101568,543,0,5
TH-101336,646,0,2
TH-104119,723,2,1
TH-103594,691,1,0
TH-100087,465,3,2
TH-100092,608,2,0
TH-100917,685,1,5
TH-101543,590,3,1
TH-103421,555,3,3
TH-103183,622,1,2
TH-103122,625,1,1
TH-104801,591,0,2
TH-103186,519,1,3
TH-100027,600,3,0
TH-103874,565,3,0
TH-103876,674,1,1
TH-101187,649,1,1
TH-102144,680,1,3
TH-102236,604,1,2
TH-101677,524,0,0
TH-104024,604,3,2
TH-102842,650,0,2
TH-104463,720,2,2
TH-100037,629,0,0
TH-103179,583,0,3
TH-102591,484,2,1
TH-103537,504,2,0
TH-100222,657,2,2
TH-103773,695,1,0
TH-101221,605,1,2
TH-102768,589,0,2
TH-103264,673,1,3
TH-103775,632,2,3
TH-100698,639,0,1
TH-102492,606,0,1
TH-104194,677,2,3
TH-100822,647,0,0
TH-101630,661,2,0
TH-103701,660,2,0
TH-101498,720,1,4
TH-102018,687,2,0
TH-101465,606,2,1
TH-101824,575,4,2
TH-103502,752,1,2
TH-102648,667,1,4
TH-101326,560,1,1
TH-102965,784,2,2
TH-104073,634,1,2
TH-103716,580,1,1
TH-102584,573,1,1
TH-103076,717,0,3
TH-103509,676,0,2
TH-101337,539,0,1
TH-101400,568,3,1
TH-103214,712,1,4
TH-100676,585,0,2
TH-100597,621,1,1
TH-102091,568,1,2
TH-100470,552,3,1
TH-103411,601,2,2
TH-104030,575,1,1
TH-102145,675,3,1
TH-100552,468,1,7
TH-103024,568,1,3
TH-103309,600,1,0
TH-103439,702,3,0
TH-100830,717,2,2
TH-101132,581,0,0
TH-101716,502,5,1
TH-102150,622,2,5
TH-101101,615,0,2
TH-102907,592,3,2
TH-103372,682,0,2
TH-103558,585,0,1
TH-100528,523,2,1
TH-104672,674,0,2
TH-102700,619,0,2
TH-100318,637,0,2
TH-104813,619,1,5
TH-101803,628,1,1
TH-104439,627,0,0
TH-104721,613,1,2
TH-102751,663,3,2
TH-101235,566,1,0
TH-101566,523,1,0
TH-102957,593,0,3
TH-102078,616,0,0
TH-101666,518,1,1
TH-102179,580,1,0
TH-104442,635,0,2
TH-101944,564,1,3
TH-104401,674,3,3
TH-102526,619,0,0
TH-102215,588,2,2
TH-101497,626,2,4
TH-100770,456,2,3
TH-103598,628,2,4
TH-102612,623,0,1
TH-103362,577,0,2
TH-103576,628,2,0
TH-103746,632,4,4
TH-101000,616,4,2
TH-104746,810,3,2
TH-100971,667,3,1
TH-104645,637,2,2
TH-101309,598,1,2
TH-103579,686,4,2
TH-101826,627,1,2
TH-104295,538,3,2
TH-100128,759,2,0
TH-102930,515,0,2
TH-103552,619,2,5
TH-102572,542,4,0
TH-103859,635,1,3
TH-100563,628,1,0
TH-104077,588,3,0
TH-100692,522,2,0
TH-102361,603,1,2
TH-104430,670,1,0
TH-101099,712,1,1
TH-100974,473,1,1
TH-104115,511,3,3
TH-101135,622,2,0
TH-100941,574,2,2
TH-102165,768,1,1
TH-102601,669,1,1
TH-102876,555,2,1
TH-101027,602,2,3
TH-103012,674,1,3
TH-100456,593,2,1
TH-102439,744,2,0
TH-102021,638,4,3
TH-104690,600,2,2
TH-104039,533,0,0
TH-102510,647,1,1
TH-100199,622,2,2
TH-102755,722,0,1
TH-102597,594,2,1
TH-101255,595,1,5
TH-102303,443,0,2
TH-104090,572,3,1
TH-100116,695,5,1
TH-103118,558,0,3
TH-102516,724,2,0
TH-103253,527,1,3
TH-101702,649,1,3
TH-101360,449,1,3
TH-100436,555,1,1
TH-102562,480,2,1
TH-100834,638,2,1
TH-100574,730,3,2
TH-103700,725,0,5
TH-100316,493,0,4
TH-104810,715,2,3
TH-100412,632,3,1
TH-100347,632,1,5
TH-100648,589,0,1
TH-101506,554,1,2
TH-104263,630,2,5
TH-104495,719,0,2
TH-100489,612,1,2
TH-104023,513,1,0
TH-102553,623,2,1
TH-101237,749,3,1
TH-101021,570,0,3
TH-102519,636,0,1
TH-101951,766,4,3
TH-102602,506,0,2
TH-103896,582,2,3
TH-102595,536,0,3
TH-103553,659,0,1
TH-103564,682,3,1
TH-102218,611,1,2
TH-100182,561,1,3
TH-103510,479,1,2
TH-101138,695,0,0
TH-104125,572,1,1
TH-103150,424,1,0
TH-103947,709,1,0
TH-104905,597,0,2
TH-103066,810,2,1
TH-100161,630,0,0
TH-101607,604,1,0
TH-103204,421,0,2
TH-103052,729,3,3
TH-102639,644,1,1
TH-102471,710,1,2
TH-103108,579,3,3
TH-103009,704,0,2
TH-100325,602,1,2
TH-104875,565,0,1
TH-103907,600,2,5
TH-102261,637,0,1
TH-102123,625,4,0
TH-102537,510,1,3
TH-104650,560,5,3
TH-103646,712,2,0
TH-104805,647,1,2
TH-104841,555,2,1
TH-104956,541,1,1
TH-103434,548,1,3
TH-104653,610,3,2
TH-103184,609,0,0
TH-100866,584,5,1
TH-102334,599,0,1
TH-104926,606,0,1
TH-104556,523,0,2
TH-103286,706,0,1
TH-102333,590,1,1
TH-104796,701,0,2
TH-104149,738,1,3
TH-101652,527,3,1
TH-101937,600,0,1
TH-100682,676,1,1
TH-104311,618,1,3
TH-102454,630,3,4
TH-101260,585,0,5
TH-102807,616,1,1
TH-100778,584,0,1
TH-101313,794,0,5
TH-101067,541,2,1
TH-102389,562,0,4
TH-104688,652,2,1
TH-102518,626,1,4
TH-100510,669,3,3
TH-101484,713,3,3
TH-101367,672,0,3
TH-101298,766,2,1
TH-101262,662,1,2
TH-100069,592,0,2
TH-103963,741,0,5
TH-101604,531,2,2
TH-104665,786,1,2
TH-103458,499,2,2
TH-100427,576,1,1
TH-104481,525,1,3
TH-102391,596,0,1
TH-103248,661,0,3
TH-100911,540,0,1
TH-102180,726,0,2
TH-101929,642,3,0
TH-104201,602,6,0
TH-101960,533,2,2
TH-103512,702,2,1
TH-104812,629,1,4
TH-102737,513,1,2
TH-102119,685,0,2
TH-102901,740,3,2
TH-100584,581,4,1
TH-100732,493,1,3
TH-101769,636,1,0
TH-101872,736,0,2
TH-101392,635,2,0
TH-102470,705,1,1
TH-100688,660,0,1
TH-103459,565,1,3
TH-101684,674,2,2
TH-100394,646,2,2
TH-101790,665,2,2
TH-102535,585,0,0
TH-102086,618,2,1
TH-104726,636,2,1
TH-100926,585,2,4
TH-104630,622,2,1
TH-103057,484,1,1
TH-103113,477,1,1
TH-103138,678,0,2
TH-104319,577,3,2
TH-101477,671,2,1
TH-101070,611,0,4
TH-104898,698,0,2
TH-103986,644,0,2
TH-100631,787,1,1
TH-103918,662,1,1
TH-101129,763,0,2
TH-102224,747,1,2
TH-102024,470,1,2
TH-100047,766,4,3
TH-101820,521,2,1
TH-102988,660,1,1
TH-100227,610,2,1
TH-104470,551,0,1
TH-104402,603,2,2
TH-102036,641,0,1
TH-100600,650,2,2
TH-103578,581,3,2
TH-104464,686,2,2
TH-104921,670,1,0
TH-104320,685,6,3
TH-100405,617,1,1
TH-103246,531,2,3
TH-103112,672,0,1
TH-102068,753,1,1
TH-101588,502,0,1
TH-104258,637,3,2
TH-101156,623,1,3
TH-104749,487,1,3
TH-101827,599,2,5
TH-101319,711,1,1
TH-102506,614,3,3
TH-101720,622,2,3
TH-100105,521,2,0
TH-103763,634,2,3
TH-103845,606,1,6
TH-104389,715,0,4
TH-104022,708,0,2
TH-100252,652,1,1
TH-102108,609,1,3
TH-101832,680,1,1
TH-100816,437,3,2
TH-101695,674,1,3
TH-101403,594,2,1
TH-103400,543,0,2
TH-102936,569,1,3
TH-102098,605,1,2
TH-104415,683,2,0
TH-102703,552,3,1
TH-100594,586,2,1
TH-102139,539,1,2
TH-100485,632,1,0
TH-101974,631,0,2
TH-101828,834,2,2
TH-103188,680,2,1
TH-101739,572,1,1
TH-102309,627,0,2
TH-100922,685,3,1
TH-101979,552,0,0
TH-103048,713,0,2
TH-100994,525,2,2
TH-104479,564,0,3
TH-104735,558,1,2
TH-102213,437,2,2
TH-101271,431,0,4
TH-100264,472,1,1
TH-100124,584,0,3
TH-100323,681,1,2
TH-103785,661,3,0
TH-102053,583,1,1
TH-100321,850,1,3
TH-101939,740,3,3
TH-100196,509,0,3
TH-101206,528,1,2
TH-101230,344,1,3
TH-100914,627,1,1
TH-104195,583,2,1
TH-104643,597,0,2
TH-103878,571,1,2
TH-100837,625,1,1
TH-103318,650,3,5
TH-103450,487,1,3
TH-100288,578,2,2
TH-101631,772,2,2
TH-104134,732,2,2
TH-104933,719,2,2
TH-100964,541,0,4
TH-102964,545,1,1
TH-103676,566,2,0
TH-104206,834,2,4
TH-100656,724,1,3
TH-101006,652,0,4
TH-101876,598,1,2
TH-100990,714,2,1
TH-103134,588,0,1
TH-101304,419,3,1
TH-102118,654,3,1
TH-104725,780,2,3
TH-101012,548,2,4
TH-103663,553,3,0
TH-102520,632,1,1
TH-100183,800,1,1
TH-102063,577,1,2
TH-101017,659,0,1
TH-100234,665,1,0
TH-104769,676,1,1
TH-101008,536,3,1
TH-100071,656,3,2
TH-103774,725,1,1
TH-100848,667,2,1
TH-102922,641,2,5
TH-102816,594,0,3
TH-102012,640,0,3
TH-103492,628,4,2
TH-101615,672,0,2
TH-103119,656,1,3
TH-104542,737,4,1
TH-103776,559,1,1
TH-103595,712,3,4
TH-104935,638,5,0
TH-103211,593,1,0
TH-102174,585,3,4
TH-102464,703,0,4
TH-102738,779,0,2
TH-100934,649,2,4
TH-100253,656,1,4
TH-102851,566,0,2
TH-100399,564,2,5
TH-104212,752,4,3
TH-104053,709,1,2
TH-100273,710,3,3
TH-103324,604,2,5
TH-104823,627,0,0
TH-104334,676,2,1
TH-101434,637,1,3
TH-103662,601,1,2
TH-102744,652,1,3
TH-101626,584,1,1
TH-101102,486,2,2
TH-104297,605,2,0
TH-102538,539,0,3
TH-102424,778,2,0
TH-101460,771,0,4
TH-100661,640,4,0
TH-102969,655,2,0
TH-103493,563,0,2
TH-100946,654,3,1
TH-101750,582,1,0
TH-101548,333,1,2
TH-103815,597,2,2
TH-100198,611,0,3
TH-102050,631,3,2
TH-101366,629,3,0
TH-101534,674,2,4
TH-103110,558,2,4
TH-104907,687,1,3
TH-101047,691,2,3
TH-102873,647,0,2
TH-103414,627,3,1
TH-100345,468,0,2
TH-103980,553,3,1
TH-103769,623,0,5
TH-103116,559,0,1
TH-101811,740,0,0
TH-101241,667,1,1
TH-104870,671,1,1
TH-100181,618,3,1
TH-102312,576,1,3
TH-100838,555,1,1
TH-104965,526,1,1
TH-102274,775,1,2
TH-101055,566,2,2
TH-102750,618,0,1
TH-100544,501,2,1
TH-102986,659,1,3
TH-100492,682,0,1
TH-102987,644,0,3
TH-100167,520,1,3
TH-104546,661,0,3
TH-102729,603,2,1
TH-100311,626,3,0
TH-101371,559,3,0
TH-101380,651,3,3
TH-103145,632,3,2
TH-104006,516,1,2
TH-104314,702,2,1
TH-103496,691,2,2
TH-102793,476,1,5
TH-104150,501,1,2
TH-102638,639,1,1
TH-102632,638,1,7
TH-101432,655,3,1
TH-100850,759,1,2
TH-100803,650,1,1
TH-103905,602,1,2
TH-101698,673,1,3
TH-104387,593,1,1
TH-104705,626,1,2
TH-102194,588,2,1
TH-104999,601,0,1
TH-104171,626,2,1
TH-101925,501,3,1
TH-100236,581,3,3
TH-103011,636,2,2
TH-103908,518,1,1
TH-102475,507,1,1
TH-103812,502,0,1
TH-100021,624,0,0
TH-104627,580,3,3
TH-101327,599,4,2
TH-101794,502,1,1
TH-103843,563,0,2
TH-103660,514,0,2
TH-101814,554,2,2
TH-103077,744,4,2
TH-104093,687,0,1
TH-103976,663,1,0
TH-101444,617,0,3
TH-103525,609,0,4
TH-101211,577,1,1
TH-102626,725,2,4
TH-104516,681,6,2
TH-102503,761,0,2
TH-103018,701,3,0
TH-104862,697,0,6
TH-102325,573,2,2
TH-102023,614,0,0
TH-100301,602,0,1
TH-102358,567,2,3
TH-100131,445,2,2
TH-100759,658,1,1
TH-102658,562,0,4
TH-103197,698,1,1
TH-101316,674,1,2
TH-102177,591,2,2
TH-100215,487,1,3
TH-103788,639,3,1
TH-103287,576,1,0
TH-103750,731,3,3
TH-100523,514,2,1
TH-104982,655,1,1
TH-103959,628,3,2
TH-100854,569,2,1
TH-100948,678,0,1
TH-102951,670,1,1
TH-103832,778,1,3
TH-101346,656,0,1
TH-104083,701,1,1
TH-102667,564,3,4
TH-101706,638,0,2
TH-103613,660,1,0
TH-100877,589,3,0
TH-104190,632,0,6
TH-100857,410,3,0
TH-104765,623,0,1
TH-103870,539,4,2
TH-101391,660,1,1
TH-104208,714,0,3
TH-102630,648,2,2
TH-101582,691,0,2
TH-100719,641,1,1
TH-101306,612,1,3
TH-101746,658,2,1
TH-103326,622,0,0
TH-102033,548,2,1
TH-101730,730,3,2
TH-103806,685,2,5
TH-100146,560,3,2
TH-104582,604,0,3
TH-101332,663,1,3
TH-102195,555,1,3
TH-102168,640,1,1
TH-103577,662,0,2
TH-100137,678,2,0
TH-102173,637,1,3
TH-100093,632,1,1
TH-104574,668,3,2
TH-103010,669,1,2
TH-104625,599,1,1
TH-104775,580,3,0
TH-101864,725,0,2
TH-100385,528,0,2
TH-102075,591,0,1
TH-101481,683,3,2
TH-102220,678,2,1
TH-103971,635,2,2
TH-100651,793,2,2
TH-103039,699,1,4
TH-101893,623,3,2
TH-101928,606,1,0
TH-103457,546,0,1
TH-100140,625,1,4
TH-100783,567,1,2
TH-103090,534,4,3
TH-102852,687,1,0
TH-101322,562,0,2
TH-101424,641,1,2
TH-102468,615,1,2
TH-102198,574,0,2
TH-100013,577,1,4
TH-102226,628,2,5
TH-104270,467,3,3
TH-102315,572,1,0
TH-102243,606,5,2
TH-102975,635,0,4
TH-100451,533,0,1
TH-100272,609,0,4
TH-101523,656,2,1
TH-103833,743,2,1
TH-104366,618,3,4
TH-102474,445,1,2
TH-101736,789,4,1
TH-100356,639,0,1
TH-103220,514,0,4
TH-101691,580,1,2
TH-104118,592,2,0
TH-102599,465,1,2
TH-104065,520,1,2
TH-102094,655,2,5
TH-101564,417,3,1
TH-101409,656,1,4
TH-100240,768,3,3
TH-104143,735,1,1
TH-103674,578,4,0
TH-101997,764,1,2
TH-101303,673,2,0
TH-102449,661,0,1
TH-101634,397,1,2
TH-102097,572,1,1
